folder,date,kind,mime_type,size_kb,width,height,url
2023/01,2023-01-02T15:33:45,original,application/pdf,1048.7,,,https://copyposse.com/wp-content/uploads/2023/01/CPLP-S3-Certificate-of-Completion.pdf
2023/01,2023-01-04T14:36:14,original,application/pdf,968.8,,,https://copyposse.com/wp-content/uploads/2023/01/Terri-Cole-Proactive-Business-Boundaries-Reign.pdf
2023/01,2023-01-10T13:54:50,original,application/pdf,582.2,,,https://copyposse.com/wp-content/uploads/2023/01/CPLP-Action-Tracker.pdf
2023/01,2023-01-10T15:00:56,original,application/pdf,2134.6,,,https://copyposse.com/wp-content/uploads/2023/01/Karen-Happel-LPS4-A-List-Do-I-Really-Need-a-Following.pdf
2023/01,2023-01-10T15:45:59,original,application/pdf,54.8,,,https://copyposse.com/wp-content/uploads/2023/01/CPLP-S4-A-List-Origin-Story-and-the-TOMBOY-Sandra-Sorgini-Experience.pdf
2023/01,2023-01-11T15:54:21,original,image/png,855.2,1800,1200,https://copyposse.com/wp-content/uploads/2023/01/CPLP-Copy-Critique.png
2023/01,2023-01-11T15:56:22,original,image/png,873.6,1493,589,https://copyposse.com/wp-content/uploads/2023/01/coaches.png
2023/01,2023-01-11T20:19:09,original,application/pdf,62.0,,,https://copyposse.com/wp-content/uploads/2023/01/Meteor-Street-Studio-Brand-Guide-CPLPS4-A-List-Hannah.pdf
2023/01,2023-01-12T14:22:42,original,application/pdf,522.8,,,https://copyposse.com/wp-content/uploads/2023/01/CPLPS4-A-List-Survey-Results-Presentation-Robert-Smith.pdf
2023/01,2023-01-15T16:41:03,original,application/pdf,1518.4,,,https://copyposse.com/wp-content/uploads/2023/01/226-22-Emma-Claire-Brand-Guide-2.pdf
2023/01,2023-01-15T16:41:08,original,application/pdf,1826.3,,,https://copyposse.com/wp-content/uploads/2023/01/226-22-TMP-Brand-Dev-1.pdf
2023/01,2023-01-19T11:50:55,original,application/pdf,11373.5,,,https://copyposse.com/wp-content/uploads/2023/01/CPLPS4-Kickoff-Call-Slides.pdf
2023/01,2023-01-22T22:03:06,original,application/pdf,170.5,,,https://copyposse.com/wp-content/uploads/2023/01/LPS4-A-List-Product-List.pdf
2023/01,2023-01-26T14:09:29,original,application/pdf,519.3,,,https://copyposse.com/wp-content/uploads/2023/01/LP-Module-1-Workbook.pdf
2023/01,2023-01-27T10:43:01,original,application/pdf,506.0,,,https://copyposse.com/wp-content/uploads/2023/01/CPLP-Connor-Beaton-Brand-Voice-Guide.pdf
2023/01,2026-06-23T17:06:45,original,image/png,1984.1,1280,720,https://copyposse.com/wp-content/uploads/2023/01/YT-Thumbnail-Ep-176-Reem-Interview.png
2023/02,2023-02-07T13:17:41,original,application/pdf,243.4,,,https://copyposse.com/wp-content/uploads/2023/02/CPLP-S2-Certificate-of-Completion.pdf
2023/02,2023-02-15T14:51:11,original,application/pdf,578.1,,,https://copyposse.com/wp-content/uploads/2023/02/Posse-Eye-Action-Tracker.pdf
2023/02,2023-02-19T23:39:30,original,image/png,345.7,1575,938,https://copyposse.com/wp-content/uploads/2023/02/Group-1-1.png
2023/02,2023-02-20T00:51:53,original,image/png,11.2,900,101,https://copyposse.com/wp-content/uploads/2023/02/Take-The-World-By-Storm.png
2023/02,2023-02-20T01:11:00,original,image/jpeg,147.8,1560,932,https://copyposse.com/wp-content/uploads/2023/02/BG-1-1-1.jpg
2023/02,2023-02-20T01:14:27,original,image/jpeg,49.7,1703,847,https://copyposse.com/wp-content/uploads/2023/02/Layer-1-1.jpg
2023/02,2023-02-20T01:16:28,original,image/png,10.5,582,148,https://copyposse.com/wp-content/uploads/2023/02/Create-Thunder-1.png
2023/02,2023-02-20T01:19:53,original,image/png,237.8,1703,847,https://copyposse.com/wp-content/uploads/2023/02/Layer-1-1-1.png
2023/02,2023-02-20T01:21:47,original,image/png,41.8,1572,1011,https://copyposse.com/wp-content/uploads/2023/02/BG-3-1.png
2023/02,2023-02-20T01:22:52,original,image/png,10.3,657,113,https://copyposse.com/wp-content/uploads/2023/02/The-Ill-Fated-Forecast-of-The-Marketing-Industry.png
2023/02,2023-02-20T01:24:45,original,image/jpeg,115.3,1574,1109,https://copyposse.com/wp-content/uploads/2023/02/Layer-1-2-1.jpg
2023/02,2023-02-20T01:25:22,original,image/png,10.2,428,151,https://copyposse.com/wp-content/uploads/2023/02/A-Misfortunate-Misconception.png
2023/02,2023-02-20T01:36:35,original,image/png,345.1,1585,1390,https://copyposse.com/wp-content/uploads/2023/02/Vector-Smart-Object-copy-4-1.png
2023/02,2023-02-20T01:37:07,original,image/png,9.2,516,150,https://copyposse.com/wp-content/uploads/2023/02/Avoid-The-Dry-Spell-Make-It-Rain.png
2023/02,2023-02-20T01:42:07,original,image/png,108.5,1568,1400,https://copyposse.com/wp-content/uploads/2023/02/Vector-Smart-Object-2-1-1.png
2023/02,2023-02-20T02:06:50,original,image/png,14.9,925,131,https://copyposse.com/wp-content/uploads/2023/02/3-Ways-The-STORM-Method-Will-Transform-Your-Marketing-Mess.png
2023/02,2023-02-20T02:27:07,original,image/png,4.5,150,151,https://copyposse.com/wp-content/uploads/2023/02/strong-icon.png
2023/02,2023-02-20T02:27:09,original,image/png,10.7,139,198,https://copyposse.com/wp-content/uploads/2023/02/fire-icon.png
2023/02,2023-02-20T02:27:10,original,image/png,10.5,187,187,https://copyposse.com/wp-content/uploads/2023/02/map-icon.png
2023/02,2023-02-20T02:45:20,original,image/png,390.5,1640,1174,https://copyposse.com/wp-content/uploads/2023/02/BG-5-1.png
2023/02,2023-02-20T02:59:14,original,image/png,179.8,1564,2508,https://copyposse.com/wp-content/uploads/2023/02/HEADLINE-1-1-2.png
2023/02,2023-02-20T03:03:36,original,image/png,1.0,108,97,https://copyposse.com/wp-content/uploads/2023/02/unnamed-file.png
2023/02,2023-02-20T03:07:26,original,image/png,1.0,108,97,https://copyposse.com/wp-content/uploads/2023/02/unnamed-file-1.png
2023/02,2023-02-20T03:11:23,original,image/png,84.7,264,264,https://copyposse.com/wp-content/uploads/2023/02/Ellipse-1.png
2023/02,2023-02-20T03:19:49,original,image/jpeg,202.6,1577,2146,https://copyposse.com/wp-content/uploads/2023/02/STORM-1-1-1-1.jpg
2023/02,2023-02-20T03:28:50,original,image/png,5.5,194,193,https://copyposse.com/wp-content/uploads/2023/02/LEVEL-1.png
2023/02,2023-02-20T03:37:40,original,image/jpeg,231.2,1560,2148,https://copyposse.com/wp-content/uploads/2023/02/STORM-1-2-2-1-1.jpg
2023/02,2023-02-20T03:44:50,original,image/png,5.5,193,192,https://copyposse.com/wp-content/uploads/2023/02/LEVEL-2.png
2023/02,2023-02-20T03:45:12,original,image/png,5.6,193,192,https://copyposse.com/wp-content/uploads/2023/02/LEVEL-3.png
2023/02,2023-02-20T03:45:30,original,image/png,5.5,193,192,https://copyposse.com/wp-content/uploads/2023/02/LEVEL-4.png
2023/02,2023-02-20T03:46:26,original,image/png,5.6,193,192,https://copyposse.com/wp-content/uploads/2023/02/Ellipse-4.png
2023/02,2023-02-20T04:00:28,original,image/png,4.8,416,89,https://copyposse.com/wp-content/uploads/2023/02/How-it-works.png
2023/02,2023-02-20T04:06:04,original,image/png,5.3,111,216,https://copyposse.com/wp-content/uploads/2023/02/Vector-Smart-Object-copy-2.png
2023/02,2023-02-20T04:06:27,original,image/png,6.6,147,216,https://copyposse.com/wp-content/uploads/2023/02/Vector-Smart-Object-copy-3.png
2023/02,2023-02-20T04:06:54,original,image/png,9.3,125,216,https://copyposse.com/wp-content/uploads/2023/02/Vector-Smart-Object-copy-4-2.png
2023/02,2023-02-20T04:11:29,original,image/png,254.1,1565,719,https://copyposse.com/wp-content/uploads/2023/02/Bg-6-1.png
2023/02,2023-02-20T04:12:13,original,image/png,6.6,628,50,https://copyposse.com/wp-content/uploads/2023/02/This-program-is-for-you-if…-.png
2023/02,2023-02-20T04:13:31,original,image/png,0.3,27,28,https://copyposse.com/wp-content/uploads/2023/02/Layer-596.png
2023/02,2023-02-20T04:17:19,original,image/png,296.4,1565,1510,https://copyposse.com/wp-content/uploads/2023/02/Bg-7-1.png
2023/02,2023-02-20T04:17:46,original,image/png,4.0,455,76,https://copyposse.com/wp-content/uploads/2023/02/This-program-is-NOT-for-you-if…-.png
2023/02,2023-02-20T04:18:42,original,image/png,0.3,24,22,https://copyposse.com/wp-content/uploads/2023/02/Layer-1-3.png
2023/02,2023-02-20T04:29:54,original,image/png,110.2,1380,2000,https://copyposse.com/wp-content/uploads/2023/02/Rectangle-579-2-1.png
2023/02,2023-02-20T04:30:39,original,image/png,64.0,1380,2000,https://copyposse.com/wp-content/uploads/2023/02/Rectangle-579-3-1.png
2023/02,2023-02-20T04:32:10,original,image/png,45.6,1001,375,https://copyposse.com/wp-content/uploads/2023/02/LOVE-FROM-THE-POSSE.png
2023/02,2023-02-20T04:37:10,original,image/png,294.0,1566,1523,https://copyposse.com/wp-content/uploads/2023/02/Rectangle-36-2-1.png
2023/02,2023-02-20T04:37:55,original,image/png,9.8,583,190,https://copyposse.com/wp-content/uploads/2023/02/Im-Revealing-Everything-I-Did-to-build-.png
2023/02,2023-02-20T04:43:33,original,image/png,162.2,1571,792,https://copyposse.com/wp-content/uploads/2023/02/Rectangle-51-1.png
2023/02,2023-02-20T04:44:12,original,image/png,42.2,541,163,https://copyposse.com/wp-content/uploads/2023/02/WHAT-YOULL-GET-INside-.png
2023/02,2023-02-20T04:44:36,original,image/png,0.3,27,28,https://copyposse.com/wp-content/uploads/2023/02/Layer-603.png
2023/02,2023-02-20T04:52:45,original,image/png,64.7,1380,2000,https://copyposse.com/wp-content/uploads/2023/02/Rectangle-579-4-1.png
2023/02,2023-02-20T04:53:07,original,image/png,72.8,919,361,https://copyposse.com/wp-content/uploads/2023/02/LOVE-FROM-THE-POSSE-1.png
2023/02,2023-02-20T05:08:05,original,image/jpeg,129.1,1576,1753,https://copyposse.com/wp-content/uploads/2023/02/Rectangle-49-1.jpg
2023/02,2023-02-20T05:08:32,original,image/png,19.5,710,160,https://copyposse.com/wp-content/uploads/2023/02/Line.png
2023/02,2023-02-20T05:20:16,original,image/png,38.3,1571,1588,https://copyposse.com/wp-content/uploads/2023/02/Rectangle-51-2-1.png
2023/02,2023-02-20T05:21:03,original,image/png,12.8,975,214,https://copyposse.com/wp-content/uploads/2023/02/Transform-Your-Marketing-In-8-Weeks.png
2023/02,2023-02-20T05:22:16,original,image/png,0.3,27,28,https://copyposse.com/wp-content/uploads/2023/02/Layer-603-copy-8.png
2023/02,2023-02-20T05:23:01,original,image/png,42.4,570,166,https://copyposse.com/wp-content/uploads/2023/02/THE.png
2023/02,2023-02-20T05:47:37,original,image/jpeg,141.6,1562,1257,https://copyposse.com/wp-content/uploads/2023/02/Layer-516-1.jpg
2023/02,2023-02-20T05:58:05,original,image/png,10.6,266,94,https://copyposse.com/wp-content/uploads/2023/02/highlight.png
2023/02,2023-02-20T10:17:32,original,application/pdf,16324.3,,,https://copyposse.com/wp-content/uploads/2023/02/BVG-Bonus-Posse-Eye-Launch-Blueprint.pdf
2023/02,2023-02-21T05:50:14,original,image/jpeg,76.1,873,1095,https://copyposse.com/wp-content/uploads/2023/02/create-thunder-image-mobile-tablet.jpg
2023/02,2023-02-21T06:11:10,original,image/png,435.5,1632,1080,https://copyposse.com/wp-content/uploads/2023/02/the-ill-fated-forecast-mobile_tablet.png
2023/02,2023-02-21T06:19:36,original,image/jpeg,119.8,1080,1920,https://copyposse.com/wp-content/uploads/2023/02/making-it-rain-image-tablet-mobile.jpg
2023/02,2023-02-21T06:26:19,original,image/jpeg,107.7,1632,1080,https://copyposse.com/wp-content/uploads/2023/02/about_alex_mobile_tablet_image.jpg
2023/02,2023-02-21T06:34:05,original,image/png,232.5,799,795,https://copyposse.com/wp-content/uploads/2023/02/this-program-is-for-you.png
2023/02,2023-02-21T06:46:17,original,image/png,263.0,818,1204,https://copyposse.com/wp-content/uploads/2023/02/tiger-mobile-tablet-png-long.png
2023/02,2023-02-21T06:48:28,original,image/jpeg,92.1,1080,1920,https://copyposse.com/wp-content/uploads/2023/02/im-revealing-everything-image-tablet-mobile.jpg
2023/02,2023-02-21T06:51:50,original,image/png,209.2,1920,1080,https://copyposse.com/wp-content/uploads/2023/02/what-youll-get-mobile-tablet.png
2023/02,2023-02-21T06:51:54,original,image/png,209.2,1920,1080,https://copyposse.com/wp-content/uploads/2023/02/what-youll-get-mobile-tablet-1.png
2023/02,2023-02-21T06:57:55,original,image/png,504.7,1920,615,https://copyposse.com/wp-content/uploads/2023/02/team-mobile-tablet-image.png
2023/02,2023-02-27T00:16:51,original,application/pdf,21537.2,,,https://copyposse.com/wp-content/uploads/2023/02/Posse-Eye-Program-Schedule.pdf
2023/02,2023-02-27T02:02:20,original,image/jpeg,60.5,800,450,https://copyposse.com/wp-content/uploads/2023/02/BVG-Product-Thumbnail.jpg
2023/02,2023-02-27T02:02:35,original,image/jpeg,109.3,800,450,https://copyposse.com/wp-content/uploads/2023/02/1.jpg
2023/02,2023-02-27T02:04:33,original,image/jpeg,112.9,800,450,https://copyposse.com/wp-content/uploads/2023/02/2.jpg
2023/02,2023-02-27T02:05:44,original,image/jpeg,83.7,800,450,https://copyposse.com/wp-content/uploads/2023/02/3.jpg
2023/02,2023-02-27T08:31:21,original,image/webp,3.6,226,229,https://copyposse.com/wp-content/uploads/2023/02/natali-l.webp
2023/02,2023-02-27T08:32:14,original,image/webp,13.5,480,640,https://copyposse.com/wp-content/uploads/2023/02/kee.webp
2023/02,2023-02-27T08:33:40,original,image/webp,17.2,500,667,https://copyposse.com/wp-content/uploads/2023/02/verena.webp
2023/02,2023-02-27T08:33:57,original,image/webp,15.7,600,784,https://copyposse.com/wp-content/uploads/2023/02/sebastian.webp
2023/02,2023-02-27T08:34:45,original,image/webp,13.1,600,784,https://copyposse.com/wp-content/uploads/2023/02/Laura.webp
2023/02,2023-02-27T08:41:50,original,image/webp,20.5,500,667,https://copyposse.com/wp-content/uploads/2023/02/sun.webp
2023/02,2023-02-27T08:42:12,original,image/webp,26.5,500,667,https://copyposse.com/wp-content/uploads/2023/02/libby-s.webp
2023/02,2023-02-27T09:06:02,original,image/webp,24.8,480,640,https://copyposse.com/wp-content/uploads/2023/02/Jemilla-M.webp
2023/02,2023-02-27T09:06:26,original,image/webp,58.8,500,667,https://copyposse.com/wp-content/uploads/2023/02/Silviya-R.webp
2023/02,2023-02-27T09:06:58,original,image/webp,23.8,500,667,https://copyposse.com/wp-content/uploads/2023/02/Muskaan.webp
2023/02,2023-02-27T09:07:25,original,image/webp,21.8,600,784,https://copyposse.com/wp-content/uploads/2023/02/jeroen-n.webp
2023/02,2023-02-27T09:07:42,original,image/webp,29.1,600,784,https://copyposse.com/wp-content/uploads/2023/02/tonya-t.webp
2023/02,2023-02-27T09:09:09,original,image/webp,15.2,500,667,https://copyposse.com/wp-content/uploads/2023/02/Keith.webp
2023/02,2023-02-27T09:10:14,original,image/webp,14.4,338,600,https://copyposse.com/wp-content/uploads/2023/02/Stephanie-S.webp
2023/02,2023-02-27T09:10:44,original,image/webp,37.1,338,600,https://copyposse.com/wp-content/uploads/2023/02/PK.webp
2023/02,2023-02-27T09:11:17,original,image/webp,17.9,500,667,https://copyposse.com/wp-content/uploads/2023/02/Steve-M.webp
2023/02,2023-02-27T09:11:35,original,image/webp,14.4,480,640,https://copyposse.com/wp-content/uploads/2023/02/Isabelle-S.webp
2023/02,2023-02-27T09:11:54,original,image/webp,21.4,500,667,https://copyposse.com/wp-content/uploads/2023/02/Miranda-B.webp
2023/02,2023-02-27T13:07:58,original,application/pdf,671.3,,,https://copyposse.com/wp-content/uploads/2023/02/YouTube-Studio-Setup-2023.pdf
2023/02,2023-02-27T14:19:54,original,image/jpeg,14.3,320,320,https://copyposse.com/wp-content/uploads/2023/02/280386283_405927344773409_2176861573907130195_n.jpg
2023/03,2023-03-01T12:30:58,original,application/pdf,4960.8,,,https://copyposse.com/wp-content/uploads/2023/03/Free-Guide-AI-Copywriting-Guide-2023.pdf
2023/03,2023-03-02T06:22:40,original,application/pdf,4960.8,,,https://copyposse.com/wp-content/uploads/2023/03/Free-Posse-Prompts-AI-Copywriting-Guide.pdf
2023/03,2023-03-02T08:52:01,original,application/pdf,4960.8,,,https://copyposse.com/wp-content/uploads/2023/03/AI-Copywriting-Guide-2023.pdf
2023/03,2023-03-02T11:06:11,original,application/pdf,224.2,,,https://copyposse.com/wp-content/uploads/2023/03/Launch-Pad-Week-6-Hot-Seat-Kee-Smith-JJ-VIP-Day-Copy-Posse-Launch-Pad.pdf
2023/03,2023-03-02T11:06:14,original,application/pdf,2814.1,,,https://copyposse.com/wp-content/uploads/2023/03/Launch-Pad-Week-6-Hot-Seat-Jon-Libbey-Sales-Page-for-Experts-Agency-Copy-Posse-Launch-Pad.pdf
2023/03,2023-03-02T11:06:16,original,application/pdf,157.5,,,https://copyposse.com/wp-content/uploads/2023/03/Launch-Pad-Week-6-Hot-Seat-Evan-Kuterbach-Sales-Page-for.pdf
2023/03,2023-03-12T20:01:37,original,application/pdf,1048.6,,,https://copyposse.com/wp-content/uploads/2023/03/CPLP-S3-Certificate-of-Completion.pdf
2023/03,2023-03-13T09:52:03,original,application/pdf,250.0,,,https://copyposse.com/wp-content/uploads/2023/03/Launch-Pad-Week-6-Hot-Seat-James-Leonard-Sales-Page-for-SEVEN-CENTERS-LIFE-SCHOOL.pdf
2023/03,2023-03-13T09:52:08,original,application/pdf,191.7,,,https://copyposse.com/wp-content/uploads/2023/03/Launch-Pad-Week-6-Hot-Seat-Leslie-Armstrong-Sales-Page-for-MJ-Jeans-Copy-Posse-Launch-Pad.pdf
2023/03,2023-03-14T13:04:36,original,application/pdf,237.2,,,https://copyposse.com/wp-content/uploads/2023/03/Launch-Pad-Week-6-Hot-Seat-Gabriella-Brackett-Sales-Page-for-Edited-COPY-Postpartum-Program-Copy-Posse-Launch-Pad.pdf
2023/03,2023-03-14T13:13:38,original,application/pdf,4960.7,,,https://copyposse.com/wp-content/uploads/2023/03/Free-Guide-AI-Copywriting-Guide-2023-1.pdf
2023/03,2023-03-16T11:25:43,original,application/pdf,502.5,,,https://copyposse.com/wp-content/uploads/2023/03/Launch-Pad-Hot-Seat-Week-7-Landing-Page-Greenite-Active-Greens-Tom-Asabre-Holt-The-Launch-Pad.pdf
2023/03,2023-03-16T11:25:45,original,application/pdf,505.9,,,https://copyposse.com/wp-content/uploads/2023/03/Launch-Pad-Hot-Seat-Week-7-Libby-Simon-Landing-Page-Ads-for-Dabble-Copy-Posse-Launch-Pad.pdf
2023/03,2023-03-16T11:25:47,original,application/pdf,867.9,,,https://copyposse.com/wp-content/uploads/2023/03/Launch-Pad-Hot-Seat-Week-7-Baho-Macari-Landing-Page-Ads-for-Cryoslimming.pdf
2023/03,2023-03-16T11:25:49,original,application/pdf,144.2,,,https://copyposse.com/wp-content/uploads/2023/03/Launch-Pad-Hot-Seat-Week-7-Leandra-Petersen-Landing-Page-Ads-for-Brain-centric-Basic-Training-Copy-Posse-Launch-Pad.pdf
2023/03,2023-03-20T11:27:55,original,application/pdf,1048.6,,,https://copyposse.com/wp-content/uploads/2023/03/CPLP-S3-Certificate-of-Completion-1.pdf
2023/03,2023-03-23T14:15:16,original,application/pdf,343.6,,,https://copyposse.com/wp-content/uploads/2023/03/Launch-Pad-Week-8-EMAIL-SEQUENCE-SATORI-METHOD-LAURA-FELDMAN.pdf
2023/03,2023-03-23T14:15:21,original,application/pdf,2704.8,,,https://copyposse.com/wp-content/uploads/2023/03/Launch-Pad-Week-8-Krystl-Densmore-Email-Sequence-for-Healthy-Toddler-Sleep-Bedtime-Battles-Copy-Posse-Launch-Pad.pdf
2023/03,2023-03-23T14:25:27,original,application/pdf,349.6,,,https://copyposse.com/wp-content/uploads/2023/03/Launch-Pad-Week-8-Jennifer-Coughlan-Email-Sequence-for-Extraordinary-VIP-Copy-Posse-Launch-Pad.pdf
2023/03,2023-03-23T16:05:59,original,application/pdf,146.6,,,https://copyposse.com/wp-content/uploads/2023/03/LPS4-Module-9-Workbook.pdf
2023/03,2023-03-24T15:51:37,original,application/pdf,25612.4,,,https://copyposse.com/wp-content/uploads/2023/03/GIOVANNI-MARSICO-REIGN-TRAINING-7-7-2021.pdf
2023/03,2023-03-24T15:56:06,original,application/pdf,74.3,,,https://copyposse.com/wp-content/uploads/2023/03/90-Day-North-Star-Gio-M.pdf
2023/04,2023-04-01T16:18:27,original,image/jpeg,157.3,1000,594,https://copyposse.com/wp-content/uploads/2023/04/bonus_storm.jpg
2023/04,2023-04-01T16:18:29,original,image/jpeg,130.6,1000,563,https://copyposse.com/wp-content/uploads/2023/04/bonus_renata.jpg
2023/04,2023-04-01T16:39:12,original,image/jpeg,144.6,1000,563,https://copyposse.com/wp-content/uploads/2023/04/spotlight_stefan.jpg
2023/04,2023-04-01T16:42:08,original,image/jpeg,147.2,1000,563,https://copyposse.com/wp-content/uploads/2023/04/spotlight_amy.jpg
2023/04,2023-04-01T16:56:43,original,image/jpeg,126.9,1000,563,https://copyposse.com/wp-content/uploads/2023/04/host_alex.jpg
2023/04,2023-04-01T16:56:45,original,image/jpeg,144.7,1000,563,https://copyposse.com/wp-content/uploads/2023/04/host_renata.jpg
2023/04,2023-04-01T17:20:47,original,image/jpeg,136.3,720,720,https://copyposse.com/wp-content/uploads/2023/04/leader_jenny.jpg
2023/04,2023-04-01T17:20:49,original,image/jpeg,118.7,720,720,https://copyposse.com/wp-content/uploads/2023/04/leader_lindsay.jpg
2023/04,2023-04-01T17:31:42,original,image/jpeg,14.5,673,83,https://copyposse.com/wp-content/uploads/2023/04/Logos1.jpg
2023/04,2023-04-01T17:31:59,original,image/jpeg,13.9,554,83,https://copyposse.com/wp-content/uploads/2023/04/Logos2.jpg
2023/04,2023-04-01T17:32:16,original,image/jpeg,15.5,675,83,https://copyposse.com/wp-content/uploads/2023/04/Logos3.jpg
2023/04,2023-04-01T17:50:25,original,image/jpeg,12.7,185,185,https://copyposse.com/wp-content/uploads/2023/04/t_shawn.jpg
2023/04,2023-04-01T18:26:12,original,image/jpeg,71.6,600,709,https://copyposse.com/wp-content/uploads/2023/04/expert_jeff.jpg
2023/04,2023-04-01T18:43:49,original,image/jpeg,36.4,600,709,https://copyposse.com/wp-content/uploads/2023/04/expert_gio.jpg
2023/04,2023-04-01T18:43:51,original,image/jpeg,123.9,600,709,https://copyposse.com/wp-content/uploads/2023/04/expert_deb.jpg
2023/04,2023-04-02T15:50:22,original,image/jpeg,136.2,1000,563,https://copyposse.com/wp-content/uploads/2023/04/host_renata-1.jpg
2023/04,2023-04-02T19:13:47,original,image/jpeg,113.3,1000,563,https://copyposse.com/wp-content/uploads/2023/04/bonus_renata-1.jpg
2023/04,2023-04-02T21:00:20,original,image/jpeg,80.5,600,709,https://copyposse.com/wp-content/uploads/2023/04/expert_laura.jpg
2023/04,2023-04-02T21:00:22,original,image/jpeg,71.7,600,709,https://copyposse.com/wp-content/uploads/2023/04/expert_steven.jpg
2023/04,2023-04-02T21:00:24,original,image/jpeg,120.6,600,709,https://copyposse.com/wp-content/uploads/2023/04/expert_allyson.jpg
2023/04,2023-04-02T21:21:33,original,image/jpeg,54.2,600,709,https://copyposse.com/wp-content/uploads/2023/04/expert_shawn.jpg
2023/04,2023-04-02T21:21:35,original,image/jpeg,86.7,600,709,https://copyposse.com/wp-content/uploads/2023/04/expert_selena.jpg
2023/04,2023-04-02T21:21:37,original,image/jpeg,83.1,600,709,https://copyposse.com/wp-content/uploads/2023/04/expert_stefan.jpg
2023/04,2023-04-02T21:23:26,original,image/jpeg,54.2,600,709,https://copyposse.com/wp-content/uploads/2023/04/expert_shawn-1.jpg
2023/04,2023-04-02T21:24:18,original,image/jpeg,67.2,600,709,https://copyposse.com/wp-content/uploads/2023/04/expert_steven-1.jpg
2023/04,2023-04-02T21:28:38,original,image/jpeg,128.0,600,709,https://copyposse.com/wp-content/uploads/2023/04/expert_keenya.jpg
2023/04,2023-04-02T21:28:40,original,image/jpeg,65.6,600,709,https://copyposse.com/wp-content/uploads/2023/04/expert_justin.jpg
2023/04,2023-04-02T21:28:42,original,image/jpeg,82.4,600,709,https://copyposse.com/wp-content/uploads/2023/04/expert_molly.jpg
2023/04,2023-04-02T21:32:40,original,image/jpeg,105.1,600,709,https://copyposse.com/wp-content/uploads/2023/04/expert_natasha.jpg
2023/04,2023-04-02T21:32:42,original,image/jpeg,97.8,600,709,https://copyposse.com/wp-content/uploads/2023/04/expert_david.jpg
2023/04,2023-04-02T21:32:44,original,image/jpeg,76.5,600,709,https://copyposse.com/wp-content/uploads/2023/04/expert_terri.jpg
2023/04,2023-04-03T12:05:35,original,application/pdf,1530.7,,,https://copyposse.com/wp-content/uploads/2023/04/Workbook-Strategic-Power-Plan-REIGN.pdf
2023/04,2023-04-06T20:58:49,original,image/jpeg,54.1,500,528,https://copyposse.com/wp-content/uploads/2023/04/t_mel.jpg
2023/04,2023-04-06T21:04:39,original,image/jpeg,88.4,500,780,https://copyposse.com/wp-content/uploads/2023/04/t_susan.jpg
2023/04,2023-04-06T21:05:52,original,image/jpeg,101.4,500,889,https://copyposse.com/wp-content/uploads/2023/04/t_susan-1.jpg
2023/04,2023-04-06T21:10:57,original,image/jpeg,65.4,500,751,https://copyposse.com/wp-content/uploads/2023/04/t_johanna.jpg
2023/04,2023-04-06T21:10:59,original,image/jpeg,62.0,500,750,https://copyposse.com/wp-content/uploads/2023/04/t_reem.jpg
2023/04,2023-04-06T21:23:47,original,image/jpeg,64.4,430,555,https://copyposse.com/wp-content/uploads/2023/04/t_jolene.jpg
2023/04,2023-04-06T21:29:18,original,image/jpeg,82.9,518,518,https://copyposse.com/wp-content/uploads/2023/04/t_maham.jpg
2023/04,2023-04-06T21:29:20,original,image/jpeg,31.6,381,379,https://copyposse.com/wp-content/uploads/2023/04/t_camilla.jpg
2023/04,2023-04-06T21:45:42,original,image/jpeg,86.1,500,479,https://copyposse.com/wp-content/uploads/2023/04/t_faith.jpg
2023/04,2023-04-06T21:54:53,original,image/jpeg,105.0,500,667,https://copyposse.com/wp-content/uploads/2023/04/t_alexa.jpg
2023/04,2023-04-06T21:54:55,original,image/jpeg,54.5,433,553,https://copyposse.com/wp-content/uploads/2023/04/t_jaqueline.jpg
2023/04,2023-04-06T21:57:20,original,image/jpeg,80.7,600,528,https://copyposse.com/wp-content/uploads/2023/04/t_stephanie.jpg
2023/04,2023-04-06T22:01:03,original,image/jpeg,82.9,600,562,https://copyposse.com/wp-content/uploads/2023/04/t_stephanie-1.jpg
2023/04,2023-04-12T14:39:47,original,application/pdf,1048.5,,,https://copyposse.com/wp-content/uploads/2023/04/CPLP-S4-Certificate-of-Completion-Alexandria-Santini.pdf
2023/04,2023-04-12T14:39:49,original,application/pdf,1048.5,,,https://copyposse.com/wp-content/uploads/2023/04/CPLP-S4-Certificate-of-Completion-Charmaine-Downes.pdf
2023/04,2023-04-12T14:39:55,original,application/pdf,1048.5,,,https://copyposse.com/wp-content/uploads/2023/04/CPLP-S4-Certificate-of-Completion-Miranda-Barrett.pdf
2023/04,2023-04-12T14:39:59,original,application/pdf,1048.3,,,https://copyposse.com/wp-content/uploads/2023/04/CPLP-S4-Certificate-of-Completion-Carina-Arrigoni.pdf
2023/04,2023-04-17T11:33:22,original,application/pdf,1084.1,,,https://copyposse.com/wp-content/uploads/2023/04/CPLP-S4-Certificate-of-Completion-Evan-Kuterbach.pdf
2023/04,2023-04-17T11:33:24,original,application/pdf,1084.0,,,https://copyposse.com/wp-content/uploads/2023/04/CPLP-S4-Certificate-of-Completion-Gabriella-Brackett.pdf
2023/04,2023-04-17T11:33:27,original,application/pdf,1084.0,,,https://copyposse.com/wp-content/uploads/2023/04/CPLP-S4-Certificate-of-Completion-James-Leonard.pdf
2023/04,2023-04-17T11:33:30,original,application/pdf,1084.0,,,https://copyposse.com/wp-content/uploads/2023/04/CPLP-S4-Certificate-of-Completion-Krystl-Densmore.pdf
2023/04,2023-04-17T11:33:33,original,application/pdf,1084.0,,,https://copyposse.com/wp-content/uploads/2023/04/CPLP-S4-Certificate-of-Completion-Laura-Feldman.pdf
2023/04,2023-04-17T11:33:35,original,application/pdf,1083.8,,,https://copyposse.com/wp-content/uploads/2023/04/CPLP-S4-Certificate-of-Completion-Leslie-Armstrong.pdf
2023/04,2023-04-17T11:33:38,original,application/pdf,1084.0,,,https://copyposse.com/wp-content/uploads/2023/04/CPLP-S4-Certificate-of-Completion-Libby-Simon.pdf
2023/04,2023-04-17T11:33:40,original,application/pdf,1084.0,,,https://copyposse.com/wp-content/uploads/2023/04/CPLP-S4-Certificate-of-Completion-Lindsay-Roberts.pdf
2023/04,2023-04-17T11:33:42,original,application/pdf,1083.8,,,https://copyposse.com/wp-content/uploads/2023/04/CPLP-S4-Certificate-of-Completion-Martha-Grant.pdf
2023/04,2023-04-17T11:33:45,original,application/pdf,1083.8,,,https://copyposse.com/wp-content/uploads/2023/04/CPLP-S4-Certificate-of-Completion-Rich-Oka.pdf
2023/04,2023-04-18T11:00:25,original,image/png,1332.8,2000,1414,https://copyposse.com/wp-content/uploads/2023/04/CPLP-S4-Certificate-of-Completion-Alicia-Oliver-Grayson.png
2023/04,2023-04-18T15:37:24,original,application/pdf,1048.6,,,https://copyposse.com/wp-content/uploads/2023/04/CPLP-S3-Certificate-of-Completion.pdf
2023/04,2023-04-18T15:37:26,original,application/pdf,1048.5,,,https://copyposse.com/wp-content/uploads/2023/04/CPLP-S4-Certificate-of-Completion-Cathy-Barker.pdf
2023/04,2023-04-18T15:37:28,original,application/pdf,1048.5,,,https://copyposse.com/wp-content/uploads/2023/04/CPLP-S4-Certificate-of-Completion-Jennifer-Coughlan.pdf
2023/04,2023-04-18T15:37:31,original,application/pdf,1048.5,,,https://copyposse.com/wp-content/uploads/2023/04/CPLP-S4-Certificate-of-Completion-Noelle-Baxter.pdf
2023/04,2023-04-18T15:37:33,original,application/pdf,1048.5,,,https://copyposse.com/wp-content/uploads/2023/04/CPLP-S4-Certificate-of-Completion-Rebecca-Gardner.pdf
2023/04,2023-04-18T15:37:36,original,application/pdf,1048.5,,,https://copyposse.com/wp-content/uploads/2023/04/CPLP-S4-Certificate-of-Completion-Richard-Brown.pdf
2023/04,2023-04-23T09:36:23,original,application/pdf,326.4,,,https://copyposse.com/wp-content/uploads/2023/04/Reign-Glossary.pdf
2023/04,2023-04-24T02:04:40,original,image/jpeg,159.7,1200,613,https://copyposse.com/wp-content/uploads/2023/04/reignmaker_banner.jpg
2023/04,2023-04-24T02:10:31,original,image/jpeg,225.9,1600,817,https://copyposse.com/wp-content/uploads/2023/04/reignmaker_banner-1.jpg
2023/04,2023-04-24T10:25:33,original,application/pdf,1048.4,,,https://copyposse.com/wp-content/uploads/2023/04/CPLP-S4-Certificate-of-Completion-Franchesca-Rivera.pdf
2023/04,2023-04-25T18:17:51,original,application/pdf,1048.4,,,https://copyposse.com/wp-content/uploads/2023/04/CPLP-S4-Certificate-of-Completion-Harshit-Agarwal.pdf
2023/04,2023-04-25T18:18:17,original,application/pdf,1048.4,,,https://copyposse.com/wp-content/uploads/2023/04/CPLP-S4-Certificate-of-Completion-Stanela-Georgieva.pdf
2023/04,2023-04-25T18:22:39,original,application/pdf,1048.4,,,https://copyposse.com/wp-content/uploads/2023/04/CPLP-S4-Certificate-of-Completion-Baho-Macari.pdf
2023/04,2023-04-25T18:33:06,original,application/pdf,1048.4,,,https://copyposse.com/wp-content/uploads/2023/04/CPLP-S4-Certificate-of-Completion-Angela-Dove.pdf
2023/04,2023-04-25T18:33:09,original,application/pdf,1048.4,,,https://copyposse.com/wp-content/uploads/2023/04/CPLP-S4-Certificate-of-Completion-Catherine-Wong.pdf
2023/04,2023-04-25T18:33:11,original,application/pdf,1048.6,,,https://copyposse.com/wp-content/uploads/2023/04/CPLP-S4-Certificate-of-Completion-Cecilia-Arambulo.pdf
2023/04,2023-04-25T18:33:13,original,application/pdf,1048.5,,,https://copyposse.com/wp-content/uploads/2023/04/CPLP-S4-Certificate-of-Completion-Christa-Kuzyk.pdf
2023/04,2023-04-25T18:33:16,original,application/pdf,1048.6,,,https://copyposse.com/wp-content/uploads/2023/04/CPLP-S4-Certificate-of-Completion-Dawn-Kummer.pdf
2023/04,2023-04-25T18:33:18,original,application/pdf,1048.4,,,https://copyposse.com/wp-content/uploads/2023/04/CPLP-S4-Certificate-of-Completion-Eszter-Szonyei.pdf
2023/04,2023-04-25T18:33:20,original,application/pdf,1048.4,,,https://copyposse.com/wp-content/uploads/2023/04/CPLP-S4-Certificate-of-Completion-Holly-Naylor.pdf
2023/04,2023-04-25T18:33:24,original,application/pdf,1048.4,,,https://copyposse.com/wp-content/uploads/2023/04/CPLP-S4-Certificate-of-Completion-Jill-Thomson.pdf
2023/04,2023-04-25T18:33:26,original,application/pdf,1048.6,,,https://copyposse.com/wp-content/uploads/2023/04/CPLP-S4-Certificate-of-Completion-Justine-Wentzell-Chang.pdf
2023/04,2023-04-25T18:33:28,original,application/pdf,1048.4,,,https://copyposse.com/wp-content/uploads/2023/04/CPLP-S4-Certificate-of-Completion-Keane-Liew.pdf
2023/04,2023-04-25T18:33:30,original,application/pdf,1048.6,,,https://copyposse.com/wp-content/uploads/2023/04/CPLP-S4-Certificate-of-Completion-Laura-Bowes.pdf
2023/04,2023-04-25T18:33:33,original,application/pdf,1048.5,,,https://copyposse.com/wp-content/uploads/2023/04/CPLP-S4-Certificate-of-Completion-Leandra-Petersen.pdf
2023/04,2023-04-25T18:33:35,original,application/pdf,1048.4,,,https://copyposse.com/wp-content/uploads/2023/04/CPLP-S4-Certificate-of-Completion-Lukas-Leong.pdf
2023/04,2023-04-25T18:33:37,original,application/pdf,1048.8,,,https://copyposse.com/wp-content/uploads/2023/04/CPLP-S4-Certificate-of-Completion-Manuel-Chaves-Bodan.pdf
2023/04,2023-04-25T18:33:40,original,application/pdf,1048.5,,,https://copyposse.com/wp-content/uploads/2023/04/CPLP-S4-Certificate-of-Completion-Ray-Lubin.pdf
2023/04,2023-04-25T18:33:42,original,application/pdf,1048.6,,,https://copyposse.com/wp-content/uploads/2023/04/CPLP-S4-Certificate-of-Completion-Rebekah-Meredith.pdf
2023/04,2023-04-25T18:33:45,original,application/pdf,1048.5,,,https://copyposse.com/wp-content/uploads/2023/04/CPLP-S4-Certificate-of-Completion-Tom-Asabre-Holt.pdf
2023/04,2023-04-25T18:33:47,original,application/pdf,1048.4,,,https://copyposse.com/wp-content/uploads/2023/04/CPLP-S4-Certificate-of-Completion-Viktoria-Rozafy.pdf
2023/04,2023-04-27T20:28:37,original,application/pdf,1048.8,,,https://copyposse.com/wp-content/uploads/2023/04/CPLP-S4-Certificate-of-Completion-Abigail-Stavroulakis-McMahon.pdf
2023/04,2023-04-27T20:28:39,original,application/pdf,1048.4,,,https://copyposse.com/wp-content/uploads/2023/04/CPLP-S4-Certificate-of-Completion-Kee-Smith.pdf
2023/04,2023-04-27T20:28:41,original,application/pdf,1048.4,,,https://copyposse.com/wp-content/uploads/2023/04/CPLP-S4-Certificate-of-Completion-Kira-Goller.pdf
2023/04,2023-04-27T20:28:44,original,application/pdf,1048.3,,,https://copyposse.com/wp-content/uploads/2023/04/CPLP-S4-Certificate-of-Completion-Lisa-Miller.pdf
2023/04,2023-04-27T20:28:46,original,application/pdf,1048.5,,,https://copyposse.com/wp-content/uploads/2023/04/CPLP-S4-Certificate-of-Completion-Micaela-V.-Rosario.pdf
2023/04,2023-04-27T20:28:48,original,application/pdf,1048.4,,,https://copyposse.com/wp-content/uploads/2023/04/CPLP-S4-Certificate-of-Completion-Michael-Vargas.pdf
2023/04,2023-04-27T20:28:50,original,application/pdf,1048.6,,,https://copyposse.com/wp-content/uploads/2023/04/CPLP-S4-Certificate-of-Completion-Nadia-Rumbolt.pdf
2023/04,2023-04-27T20:28:52,original,application/pdf,1048.4,,,https://copyposse.com/wp-content/uploads/2023/04/CPLP-S4-Certificate-of-Completion-Suzanne-Wright.pdf
2023/04,2023-04-30T12:13:35,original,application/pdf,325.1,,,https://copyposse.com/wp-content/uploads/2023/04/Reign-Glossary-2023.pdf
2023/05,2023-05-01T18:04:42,original,application/pdf,6306.0,,,https://copyposse.com/wp-content/uploads/2023/05/Free-Guide-Brand-Voice-Checklist.pdf
2023/05,2023-05-02T15:58:43,original,application/pdf,1048.3,,,https://copyposse.com/wp-content/uploads/2023/05/CPLP-S4-Certificate-of-Completion-Cherise-Green.pdf
2023/05,2023-05-02T15:58:47,original,application/pdf,1048.5,,,https://copyposse.com/wp-content/uploads/2023/05/CPLP-S4-Certificate-of-Completion-Christina-Amundsen.pdf
2023/05,2023-05-02T15:58:52,original,application/pdf,1048.4,,,https://copyposse.com/wp-content/uploads/2023/05/CPLP-S4-Certificate-of-Completion-Fatima-Singdha.pdf
2023/05,2023-05-02T15:58:57,original,application/pdf,1048.5,,,https://copyposse.com/wp-content/uploads/2023/05/CPLP-S4-Certificate-of-Completion-Kerna-Leigh-Mason.pdf
2023/05,2023-05-02T15:59:01,original,application/pdf,1048.5,,,https://copyposse.com/wp-content/uploads/2023/05/CPLP-S4-Certificate-of-Completion-Marc-Lejay.pdf
2023/05,2023-05-02T15:59:05,original,application/pdf,1048.5,,,https://copyposse.com/wp-content/uploads/2023/05/CPLP-S4-Certificate-of-Completion-Molly-Lovelady.pdf
2023/05,2023-05-02T15:59:09,original,application/pdf,1048.4,,,https://copyposse.com/wp-content/uploads/2023/05/CPLP-S4-Certificate-of-Completion-Natalie-Rushing.pdf
2023/05,2023-05-02T15:59:13,original,application/pdf,1048.5,,,https://copyposse.com/wp-content/uploads/2023/05/CPLP-S4-Certificate-of-Completion-Noor-Us-Saba.pdf
2023/05,2023-05-02T15:59:17,original,application/pdf,1048.4,,,https://copyposse.com/wp-content/uploads/2023/05/CPLP-S4-Certificate-of-Completion-Nora-Belal.pdf
2023/05,2023-05-02T15:59:21,original,application/pdf,1048.4,,,https://copyposse.com/wp-content/uploads/2023/05/CPLP-S4-Certificate-of-Completion-Rachael-Anderson.pdf
2023/05,2023-05-02T15:59:25,original,application/pdf,1048.3,,,https://copyposse.com/wp-content/uploads/2023/05/CPLP-S4-Certificate-of-Completion-Rashta-Ali.pdf
2023/05,2023-05-02T15:59:29,original,application/pdf,1048.5,,,https://copyposse.com/wp-content/uploads/2023/05/CPLP-S4-Certificate-of-Completion-Sebastian-Rebstock.pdf
2023/05,2023-05-02T15:59:33,original,application/pdf,1048.5,,,https://copyposse.com/wp-content/uploads/2023/05/CPLP-S4-Certificate-of-Completion-Stephanie-Seibel.pdf
2023/05,2023-05-02T15:59:36,original,application/pdf,1048.3,,,https://copyposse.com/wp-content/uploads/2023/05/CPLP-S4-Certificate-of-Completion-Tania-Cyr.pdf
2023/05,2023-05-02T15:59:39,original,application/pdf,1048.3,,,https://copyposse.com/wp-content/uploads/2023/05/CPLP-S4-Certificate-of-Completion-Tatjana-Grez.pdf
2023/05,2023-05-07T14:00:03,original,application/pdf,1059.7,,,https://copyposse.com/wp-content/uploads/2023/05/CPLP-S3-Certificate-of-Completion.pdf
2023/05,2023-05-07T14:14:37,original,application/pdf,1059.7,,,https://copyposse.com/wp-content/uploads/2023/05/CPLP-S4-Certificate-of-Completion-Anam-Hamid.pdf
2023/05,2023-05-07T14:14:41,original,application/pdf,1059.6,,,https://copyposse.com/wp-content/uploads/2023/05/CPLP-S4-Certificate-of-Completion-Christian-Bowser.pdf
2023/05,2023-05-07T14:14:46,original,application/pdf,1059.7,,,https://copyposse.com/wp-content/uploads/2023/05/CPLP-S4-Certificate-of-Completion-Esther-Phenna.pdf
2023/05,2023-05-07T14:14:51,original,application/pdf,1059.7,,,https://copyposse.com/wp-content/uploads/2023/05/CPLP-S4-Certificate-of-Completion-Micah-Ocampo.pdf
2023/05,2023-05-07T14:14:56,original,application/pdf,1059.9,,,https://copyposse.com/wp-content/uploads/2023/05/CPLP-S4-Certificate-of-Completion-Olivia-Pinkham.pdf
2023/05,2023-05-08T16:51:16,original,application/pdf,1059.7,,,https://copyposse.com/wp-content/uploads/2023/05/CPLP-S4-Certificate-of-Completion-Kim-Miller.pdf
2023/05,2023-05-08T16:51:29,original,application/pdf,1060.1,,,https://copyposse.com/wp-content/uploads/2023/05/CPLP-S4-Certificate-of-Completion-Wanda-Ruiz-Lambert.pdf
2023/05,2023-05-08T16:51:42,original,application/pdf,1059.6,,,https://copyposse.com/wp-content/uploads/2023/05/CPLP-S4-Certificate-of-Completion-Sara-Estes.pdf
2023/05,2023-05-09T10:14:05,original,application/pdf,164.9,,,https://copyposse.com/wp-content/uploads/2023/05/Launch-Pad-Season-4-Juicy-Nuggets.pdf
2023/05,2023-05-10T13:40:03,original,application/pdf,1059.6,,,https://copyposse.com/wp-content/uploads/2023/05/CPLP-S4-Certificate-of-Completion-Christopher-Stavropoulos.pdf
2023/05,2023-05-10T13:40:07,original,application/pdf,1059.6,,,https://copyposse.com/wp-content/uploads/2023/05/CPLP-S4-Certificate-of-Completion-Charlotte-Messerschmidt.pdf
2023/05,2023-05-15T12:09:06,original,application/pdf,986.2,,,https://copyposse.com/wp-content/uploads/2023/05/Copy-Posse-Branding-Questions-REIGN-Branding.pdf
2023/05,2023-05-15T12:09:09,original,application/pdf,2053.7,,,https://copyposse.com/wp-content/uploads/2023/05/Copy-Posse-Pricing-Guide-REIGN-Branding.pdf
2023/05,2023-05-17T16:01:26,original,application/pdf,1059.5,,,https://copyposse.com/wp-content/uploads/2023/05/CPLP-S4-Certificate-of-Completion-Cooper-Gillespie.pdf
2023/05,2023-05-17T16:01:29,original,application/pdf,1059.8,,,https://copyposse.com/wp-content/uploads/2023/05/CPLP-S4-Certificate-of-Completion-Daniela-Matei.pdf
2023/05,2023-05-17T16:01:32,original,application/pdf,1059.7,,,https://copyposse.com/wp-content/uploads/2023/05/CPLP-S4-Certificate-of-Completion-Jeroen-Nijhof.pdf
2023/05,2023-05-17T16:01:36,original,application/pdf,1059.9,,,https://copyposse.com/wp-content/uploads/2023/05/CPLP-S4-Certificate-of-Completion-Lydia-Hojnacki.pdf
2023/05,2023-05-17T16:01:41,original,application/pdf,1059.7,,,https://copyposse.com/wp-content/uploads/2023/05/CPLP-S4-Certificate-of-Completion-Nicole-Gyan.pdf
2023/05,2023-05-17T16:23:19,original,application/pdf,1059.4,,,https://copyposse.com/wp-content/uploads/2023/05/CPLP-S4-Certificate-of-Completion-Hannah-Fenton.pdf
2023/05,2023-05-17T16:23:22,original,application/pdf,1059.7,,,https://copyposse.com/wp-content/uploads/2023/05/CPLP-S4-Certificate-of-Completion-James-Hatcher.pdf
2023/05,2023-05-17T16:23:28,original,application/pdf,1059.8,,,https://copyposse.com/wp-content/uploads/2023/05/CPLP-S4-Certificate-of-Completion-Leon-Bleiweiss.pdf
2023/05,2023-05-17T16:23:32,original,application/pdf,1059.8,,,https://copyposse.com/wp-content/uploads/2023/05/CPLP-S4-Certificate-of-Completion-Tanya-Lau.pdf
2023/05,2023-05-20T23:23:23,original,application/pdf,1059.6,,,https://copyposse.com/wp-content/uploads/2023/05/CPLP-S4-Certificate-of-Completion-Judah-Rosenstein.pdf
2023/05,2023-05-20T23:23:26,original,application/pdf,1059.5,,,https://copyposse.com/wp-content/uploads/2023/05/CPLP-S4-Certificate-of-Completion-Laura-McGregor.pdf
2023/05,2023-05-20T23:23:28,original,application/pdf,1059.6,,,https://copyposse.com/wp-content/uploads/2023/05/CPLP-S4-Certificate-of-Completion-Prachi-Khandekar.pdf
2023/05,2023-05-20T23:23:30,original,application/pdf,1059.7,,,https://copyposse.com/wp-content/uploads/2023/05/CPLP-S4-Certificate-of-Completion-Sanreet-Gill.pdf
2023/05,2023-05-20T23:23:32,original,application/pdf,1059.6,,,https://copyposse.com/wp-content/uploads/2023/05/CPLP-S4-Certificate-of-Completion-Tulay-Karakaya.pdf
2023/05,2023-05-22T13:42:20,original,application/pdf,6494.6,,,https://copyposse.com/wp-content/uploads/2023/05/BVGF-Lead-Magnet-Brand-Voice-Checklist-2023.pdf
2023/05,2023-05-22T13:58:11,original,application/pdf,3525.3,,,https://copyposse.com/wp-content/uploads/2023/05/BVGF-Lead-Magnet-Customer-Avatar-Exercise-2023.pdf
2023/05,2023-05-22T14:10:29,original,application/pdf,3776.1,,,https://copyposse.com/wp-content/uploads/2023/05/BVGF-Lead-Magnet-Copy-Posse-Captions-CTA-Cheatsheet-2023.pdf
2023/05,2023-05-23T14:33:31,original,application/pdf,17252.1,,,https://copyposse.com/wp-content/uploads/2023/05/Write-Ignite-Challenge-Schedule.pdf
2023/05,2023-05-24T19:29:49,original,application/pdf,1568.3,,,https://copyposse.com/wp-content/uploads/2023/05/STORM-Level-1-Brand-Values-Inspo-File.pdf
2023/05,2023-05-24T19:45:49,original,application/pdf,2214.6,,,https://copyposse.com/wp-content/uploads/2023/05/STORM-Level-1-Storytelling-Formulas.pdf
2023/05,2023-05-24T20:19:15,original,application/pdf,4128.4,,,https://copyposse.com/wp-content/uploads/2023/05/STORM-Level-2.2-Posse-Prompts.pdf
2023/05,2023-05-24T20:19:17,original,application/pdf,1559.0,,,https://copyposse.com/wp-content/uploads/2023/05/STORM-Level-2.2-Lead-Magnet-Formulas-.pdf
2023/05,2023-05-24T20:19:19,original,application/pdf,1535.0,,,https://copyposse.com/wp-content/uploads/2023/05/STORM-Level-2.2-Webinar-Formula-.pdf
2023/05,2023-05-24T20:19:22,original,application/pdf,1503.9,,,https://copyposse.com/wp-content/uploads/2023/05/STORM-Level-2.2-Landing-Page-Formula.pdf
2023/05,2023-05-25T09:47:10,original,application/pdf,6495.5,,,https://copyposse.com/wp-content/uploads/2023/05/BVGF-Lead-Magnet-Brand-Voice-Checklist-2023-1.pdf
2023/05,2023-05-25T09:51:51,original,application/pdf,3523.3,,,https://copyposse.com/wp-content/uploads/2023/05/BVGF-Lead-Magnet-Customer-Avatar-Exercise-2023-1.pdf
2023/05,2023-05-25T09:58:12,original,application/pdf,3776.3,,,https://copyposse.com/wp-content/uploads/2023/05/BVGF-Lead-Magnet-Copy-Posse-Captions-CTA-Cheatsheet-2023-1.pdf
2023/05,2023-05-25T11:39:45,original,application/pdf,2194.9,,,https://copyposse.com/wp-content/uploads/2023/05/Free-Guide-YouTube-Studio-Setup-2023.pdf
2023/05,2023-05-26T12:45:23,original,application/pdf,1059.9,,,https://copyposse.com/wp-content/uploads/2023/05/CPLP-S4-Certificate-of-Completion-Marae-Doble.pdf
2023/05,2023-05-26T12:45:26,original,application/pdf,1059.6,,,https://copyposse.com/wp-content/uploads/2023/05/CPLP-S4-Certificate-of-Completion-Sophia-Inomwan.pdf
2023/05,2023-05-26T12:45:28,original,application/pdf,1059.6,,,https://copyposse.com/wp-content/uploads/2023/05/CPLP-S4-Certificate-of-Completion-Suzanne-Bachelu.pdf
2023/05,2023-05-29T08:09:06,original,image/jpeg,221.8,1920,1080,https://copyposse.com/wp-content/uploads/2023/05/video-training-bonus.jpg
2023/05,2023-05-29T21:24:18,original,application/pdf,1059.9,,,https://copyposse.com/wp-content/uploads/2023/05/CPLP-S4-Certificate-of-Completion-Maria-Obispo.pdf
2023/05,2023-05-29T21:24:20,original,application/pdf,1059.9,,,https://copyposse.com/wp-content/uploads/2023/05/CPLP-S4-Certificate-of-Completion-James-Prescott-Kerr-.pdf
2023/05,2023-05-29T21:28:40,original,application/pdf,1059.9,,,https://copyposse.com/wp-content/uploads/2023/05/CPLP-S4-Certificate-of-Completion-Polly-Turner.pdf
2023/05,2023-05-29T21:28:42,original,application/pdf,1059.8,,,https://copyposse.com/wp-content/uploads/2023/05/CPLP-S4-Certificate-of-Completion-Erika-Calvert.pdf
2023/05,2023-05-29T21:28:44,original,application/pdf,1059.8,,,https://copyposse.com/wp-content/uploads/2023/05/CPLP-S4-Certificate-of-Completion-Jen-Hunsaker.pdf
2023/05,2023-05-30T14:19:45,original,application/pdf,2194.8,,,https://copyposse.com/wp-content/uploads/2023/05/Free-Guide-YouTube-Studio-Setup-2023-1.pdf
2023/05,2023-05-31T12:42:51,original,application/pdf,17695.5,,,https://copyposse.com/wp-content/uploads/2023/05/STORM-Level-3.2-Bonus-Posse-Eye-Launch-Blueprint-.pdf
2023/05,2024-02-13T21:04:44,original,image/png,903.8,1280,720,https://copyposse.com/wp-content/uploads/2023/05/ep-193-thumbnail-1.png
2023/06,2023-06-02T15:27:41,original,image/png,1315.6,2000,1414,https://copyposse.com/wp-content/uploads/2023/06/CPLP-S4-Certificate-of-Completion-Johnny-Singh.png
2023/06,2023-06-02T15:45:50,original,application/pdf,1059.6,,,https://copyposse.com/wp-content/uploads/2023/06/CPLP-S4-Certificate-of-Completion-Guadalupe-Tlazola.pdf
2023/06,2023-06-12T11:28:10,original,application/pdf,3358.6,,,https://copyposse.com/wp-content/uploads/2023/06/STORM-Level-3.2-Bonus-Cart-Abandonment-Swipe-File.pdf
2023/06,2023-06-12T11:33:00,original,application/pdf,2711.9,,,https://copyposse.com/wp-content/uploads/2023/06/STORM-Level-3.2-Bonus-Welcome-Offer-Swipe-File.pdf
2023/06,2023-06-12T11:36:14,original,application/pdf,5323.2,,,https://copyposse.com/wp-content/uploads/2023/06/STORM-Level-3.2-Bonus-Ascension-Offer-Swipe-File.pdf
2023/06,2023-06-12T11:38:49,original,application/pdf,3062.7,,,https://copyposse.com/wp-content/uploads/2023/06/STORM-Level-3.2-Bonus-Exclusive-Offer-Swipe-File.pdf
2023/06,2023-06-12T12:07:39,original,application/pdf,1616.4,,,https://copyposse.com/wp-content/uploads/2023/06/STORM-Level-5-Sale-Page-Formula.pdf
2023/06,2023-06-12T21:54:57,original,application/pdf,17094.8,,,https://copyposse.com/wp-content/uploads/2023/06/STORM-Level-3.2-Promo-Swipe-File.pdf
2023/06,2023-06-12T21:56:46,original,application/pdf,17224.9,,,https://copyposse.com/wp-content/uploads/2023/06/STORM-Level-3.2-Launch-Swipe-File.pdf
2023/06,2023-06-15T18:59:32,original,image/jpeg,10.9,500,109,https://copyposse.com/wp-content/uploads/2023/06/logos_1.jpg
2023/06,2023-06-15T20:31:24,original,image/jpeg,223.9,1280,761,https://copyposse.com/wp-content/uploads/2023/06/SocialShare.jpg
2023/06,2023-06-15T20:32:00,original,image/jpeg,10.0,500,100,https://copyposse.com/wp-content/uploads/2023/06/logos_1-1.jpg
2023/06,2023-06-15T21:10:48,original,image/jpeg,9.8,500,64,https://copyposse.com/wp-content/uploads/2023/06/logos_1-2.jpg
2023/06,2023-06-16T01:16:32,original,image/jpeg,311.1,1574,927,https://copyposse.com/wp-content/uploads/2023/06/banner_storm.jpg
2023/06,2023-06-16T01:22:17,original,image/png,135.1,384,340,https://copyposse.com/wp-content/uploads/2023/06/banner_lightning.png
2023/06,2023-06-16T01:22:19,original,image/png,109.3,1399,324,https://copyposse.com/wp-content/uploads/2023/06/banner_STORM.png
2023/06,2023-06-16T01:22:23,original,image/png,323.4,742,893,https://copyposse.com/wp-content/uploads/2023/06/banner_alex.png
2023/06,2023-06-16T01:34:32,original,image/jpeg,300.4,1574,927,https://copyposse.com/wp-content/uploads/2023/06/banner_storm2.jpg
2023/06,2023-06-16T01:46:22,original,image/jpeg,504.8,1574,927,https://copyposse.com/wp-content/uploads/2023/06/banner_storm2-1.jpg
2023/06,2023-06-16T02:42:25,original,image/jpeg,339.3,1400,1905,https://copyposse.com/wp-content/uploads/2023/06/bg_take.jpg
2023/06,2023-06-16T02:42:27,original,image/png,281.4,1455,393,https://copyposse.com/wp-content/uploads/2023/06/text_bystorm.png
2023/06,2023-06-16T03:37:30,original,image/jpeg,263.8,1562,1257,https://copyposse.com/wp-content/uploads/2023/06/bg_order.jpg
2023/06,2023-06-16T03:37:32,original,image/png,148.1,1399,376,https://copyposse.com/wp-content/uploads/2023/06/text_order.png
2023/06,2023-06-16T03:49:55,original,image/png,8.7,523,79,https://copyposse.com/wp-content/uploads/2023/06/text_bs.png
2023/06,2023-06-16T03:49:57,original,image/png,11.3,480,113,https://copyposse.com/wp-content/uploads/2023/06/text_entrepreneurship.png
2023/06,2023-06-16T03:53:34,original,image/png,25.3,583,237,https://copyposse.com/wp-content/uploads/2023/06/text_focus.png
2023/06,2023-06-16T03:55:19,original,image/png,22.2,871,132,https://copyposse.com/wp-content/uploads/2023/06/text_3ways.png
2023/06,2023-06-17T16:26:26,original,image/png,39.1,541,158,https://copyposse.com/wp-content/uploads/2023/06/text_includes.png
2023/06,2023-06-17T16:27:24,original,image/png,22.4,871,132,https://copyposse.com/wp-content/uploads/2023/06/text_3ways-1.png
2023/06,2023-06-17T18:41:25,original,image/jpeg,79.9,800,450,https://copyposse.com/wp-content/uploads/2023/06/bonus1.jpg
2023/06,2023-06-17T18:42:29,original,image/jpeg,113.6,1000,563,https://copyposse.com/wp-content/uploads/2023/06/bonus1-1.jpg
2023/06,2023-06-17T18:55:05,original,image/jpeg,118.8,1000,563,https://copyposse.com/wp-content/uploads/2023/06/item1.jpg
2023/06,2023-06-17T19:10:56,original,image/jpeg,121.1,1000,563,https://copyposse.com/wp-content/uploads/2023/06/item2.jpg
2023/06,2023-06-17T19:11:07,original,image/jpeg,125.2,1000,563,https://copyposse.com/wp-content/uploads/2023/06/item3.jpg
2023/06,2023-06-17T19:11:21,original,image/jpeg,114.1,1000,563,https://copyposse.com/wp-content/uploads/2023/06/item4.jpg
2023/06,2023-06-17T19:11:31,original,image/jpeg,107.8,1000,563,https://copyposse.com/wp-content/uploads/2023/06/item5.jpg
2023/06,2023-06-17T19:11:43,original,image/jpeg,110.6,1000,563,https://copyposse.com/wp-content/uploads/2023/06/item6.jpg
2023/06,2023-06-17T19:11:52,original,image/jpeg,119.7,1000,563,https://copyposse.com/wp-content/uploads/2023/06/item7.jpg
2023/06,2023-06-17T19:14:00,original,image/jpeg,142.6,1000,563,https://copyposse.com/wp-content/uploads/2023/06/bonus2.jpg
2023/06,2023-06-17T19:15:05,original,image/jpeg,140.3,1000,563,https://copyposse.com/wp-content/uploads/2023/06/bonus3.jpg
2023/06,2023-06-17T19:16:57,original,image/jpeg,134.3,1000,563,https://copyposse.com/wp-content/uploads/2023/06/bonus4.jpg
2023/06,2023-06-17T19:17:58,original,image/jpeg,130.8,1000,563,https://copyposse.com/wp-content/uploads/2023/06/bonus5.jpg
2023/06,2023-06-17T19:19:50,original,image/jpeg,102.1,1000,563,https://copyposse.com/wp-content/uploads/2023/06/bonus6.jpg
2023/06,2023-06-17T19:22:36,original,image/jpeg,92.6,1000,563,https://copyposse.com/wp-content/uploads/2023/06/bonus7.jpg
2023/06,2023-06-17T20:24:58,original,image/jpeg,97.1,500,750,https://copyposse.com/wp-content/uploads/2023/06/t_kelsey.jpg
2023/06,2023-06-17T20:26:40,original,image/jpeg,64.6,500,646,https://copyposse.com/wp-content/uploads/2023/06/t_reem.jpg
2023/06,2023-06-17T20:27:28,original,image/jpeg,81.2,621,543,https://copyposse.com/wp-content/uploads/2023/06/t_ash.jpg
2023/06,2023-06-17T20:28:07,original,image/jpeg,64.1,473,565,https://copyposse.com/wp-content/uploads/2023/06/t_ash-1.jpg
2023/06,2023-06-17T20:29:32,original,image/jpeg,65.6,500,665,https://copyposse.com/wp-content/uploads/2023/06/t_anac.jpg
2023/06,2023-06-17T20:30:34,original,image/jpeg,137.8,500,609,https://copyposse.com/wp-content/uploads/2023/06/t_devc.jpg
2023/06,2023-06-17T20:33:30,original,image/jpeg,52.7,600,599,https://copyposse.com/wp-content/uploads/2023/06/t_rob.jpg
2023/06,2023-06-17T20:34:29,original,image/jpeg,159.9,531,818,https://copyposse.com/wp-content/uploads/2023/06/t_precious.jpg
2023/06,2023-06-17T21:02:41,original,image/jpeg,79.1,500,632,https://copyposse.com/wp-content/uploads/2023/06/t_jolene.jpg
2023/06,2023-06-17T21:03:35,original,image/jpeg,91.6,600,695,https://copyposse.com/wp-content/uploads/2023/06/t_robby.jpg
2023/06,2023-06-17T21:04:36,original,image/jpeg,63.0,500,571,https://copyposse.com/wp-content/uploads/2023/06/t_misi.jpg
2023/06,2023-06-17T21:06:12,original,image/jpeg,55.3,500,756,https://copyposse.com/wp-content/uploads/2023/06/t_maham.jpg
2023/06,2023-06-17T21:07:32,original,image/jpeg,50.9,500,528,https://copyposse.com/wp-content/uploads/2023/06/t_mel.jpg
2023/06,2023-06-17T21:08:58,original,image/jpeg,104.3,500,750,https://copyposse.com/wp-content/uploads/2023/06/t_rayell.jpg
2023/06,2023-06-18T01:58:12,original,image/jpeg,74.1,732,792,https://copyposse.com/wp-content/uploads/2023/06/currentoffer_storm.jpg
2023/06,2023-06-25T09:42:47,original,application/pdf,16858.9,,,https://copyposse.com/wp-content/uploads/2023/06/STORM-–-Level-1-Slides-FINAL.pdf
2023/06,2023-06-25T09:43:56,original,application/pdf,16386.1,,,https://copyposse.com/wp-content/uploads/2023/06/STORM-–-Level-2.1-Slides-.pdf
2023/06,2023-06-25T09:44:23,original,application/pdf,18545.0,,,https://copyposse.com/wp-content/uploads/2023/06/STORM-–-Level-2.2-Slides.pdf
2023/06,2023-06-25T09:45:40,original,application/pdf,28168.7,,,https://copyposse.com/wp-content/uploads/2023/06/STORM-–-Level-3.1-Slides.pdf
2023/06,2023-06-25T09:49:00,original,application/pdf,19047.1,,,https://copyposse.com/wp-content/uploads/2023/06/STORM-–-Level-4-Slides.pdf
2023/06,2023-06-25T09:49:15,original,application/pdf,59268.9,,,https://copyposse.com/wp-content/uploads/2023/06/STORM-–-Level-0-Slides-FINAL.pdf
2023/06,2023-06-25T09:49:20,original,application/pdf,19214.3,,,https://copyposse.com/wp-content/uploads/2023/06/STORM-–-Level-3.2-Slides.pdf
2023/06,2023-06-25T09:49:27,original,application/pdf,41637.0,,,https://copyposse.com/wp-content/uploads/2023/06/STORM-–-Level-5-Slides.pdf
2023/06,2023-06-25T09:49:30,original,application/pdf,1059.4,,,https://copyposse.com/wp-content/uploads/2023/06/CPLP-S4-Certificate-of-Completion-Cheryl-Hariono.pdf
2023/06,2023-06-25T09:49:32,original,application/pdf,1059.5,,,https://copyposse.com/wp-content/uploads/2023/06/CPLP-S4-Certificate-of-Completion-Simone-Kynaston.pdf
2023/06,2023-06-25T09:49:34,original,application/pdf,1059.8,,,https://copyposse.com/wp-content/uploads/2023/06/CPLP-S4-Certificate-of-Completion-Gabriella-Dries.pdf
2023/07,2023-07-06T10:22:13,original,application/pdf,1789.7,,,https://copyposse.com/wp-content/uploads/2023/07/BBYT-Workbook.pdf
2023/07,2023-07-21T15:38:52,original,application/pdf,5726.6,,,https://copyposse.com/wp-content/uploads/2023/07/LLWT-Blog-Example-PDF.pdf
2023/07,2023-07-21T15:38:58,original,application/pdf,9206.5,,,https://copyposse.com/wp-content/uploads/2023/07/LLWT-Social-Proof-Examples-PDF.pdf
2023/07,2023-07-21T15:43:52,original,application/pdf,27069.9,,,https://copyposse.com/wp-content/uploads/2023/07/LLWT-About-Page-Examples-PDF.pdf
2023/07,2023-07-21T16:29:18,original,application/pdf,32688.8,,,https://copyposse.com/wp-content/uploads/2023/07/LLWT-Home-Page-Examples-PDF.pdf
2023/07,2023-07-21T19:25:41,original,application/pdf,3383.1,,,https://copyposse.com/wp-content/uploads/2023/07/LLWT-Bonus-55-H.O.T.-Headline-Examples.pdf
2023/07,2023-07-21T19:25:45,original,application/pdf,5014.1,,,https://copyposse.com/wp-content/uploads/2023/07/LLWT-Bonus-Headline-Writing-Pyramid.pdf
2023/07,2023-07-24T14:31:20,original,application/pdf,25159.7,,,https://copyposse.com/wp-content/uploads/2023/07/LLWT-Offer-Page-Examples.pdf
2023/07,2023-07-25T15:22:08,original,application/pdf,1059.9,,,https://copyposse.com/wp-content/uploads/2023/07/CPLP-S4-Certificate-of-Completion-Aniebiet-Udom.pdf
2023/07,2023-07-25T15:22:10,original,application/pdf,1059.8,,,https://copyposse.com/wp-content/uploads/2023/07/CPLP-S4-Certificate-of-Completion-Amelia-Batch.pdf
2023/07,2023-07-25T15:22:12,original,application/pdf,1059.8,,,https://copyposse.com/wp-content/uploads/2023/07/CPLP-S4-Certificate-of-Completion-Ryan-Koordi.pdf
2023/07,2023-07-26T11:39:43,original,audio/mpeg,76376.1,,,https://copyposse.com/wp-content/uploads/2023/07/CPLP-Perry-Belcher-on-Storytelling.mp3
2023/07,2023-07-27T00:03:55,original,image/jpeg,58.0,800,533,https://copyposse.com/wp-content/uploads/2023/07/bonus_giovanni.jpg
2023/07,2023-07-27T00:07:58,original,image/jpeg,76.5,800,533,https://copyposse.com/wp-content/uploads/2023/07/bonus_renata.jpg
2023/07,2023-07-27T00:11:32,original,image/jpeg,91.6,800,533,https://copyposse.com/wp-content/uploads/2023/07/bonus_dot.jpg
2023/07,2023-07-27T00:12:26,original,image/jpeg,51.0,800,533,https://copyposse.com/wp-content/uploads/2023/07/bonus_perry.jpg
2023/07,2023-07-27T00:13:13,original,image/jpeg,72.6,800,533,https://copyposse.com/wp-content/uploads/2023/07/bonus_molly.jpg
2023/07,2023-07-27T00:14:07,original,image/jpeg,69.9,800,533,https://copyposse.com/wp-content/uploads/2023/07/bonus_jay.jpg
2023/07,2023-07-27T00:19:22,original,image/jpeg,121.7,1000,666,https://copyposse.com/wp-content/uploads/2023/07/bonus_ai.jpg
2023/07,2023-07-27T00:21:05,original,image/jpeg,195.2,1000,666,https://copyposse.com/wp-content/uploads/2023/07/bonus_website.jpg
2023/07,2023-07-27T02:32:39,original,image/jpeg,75.5,500,648,https://copyposse.com/wp-content/uploads/2023/07/t_anastasiya.jpg
2023/07,2023-07-27T02:37:25,original,image/jpeg,58.8,500,570,https://copyposse.com/wp-content/uploads/2023/07/t_patricia.jpg
2023/07,2023-07-27T02:39:39,original,image/jpeg,49.0,500,483,https://copyposse.com/wp-content/uploads/2023/07/t_juan.jpg
2023/07,2023-07-27T02:45:28,original,image/jpeg,99.2,500,516,https://copyposse.com/wp-content/uploads/2023/07/t_kyle.jpg
2023/07,2023-07-27T02:45:39,original,image/jpeg,43.3,500,500,https://copyposse.com/wp-content/uploads/2023/07/t_chandni.jpg
2023/07,2023-07-27T11:26:00,original,application/pdf,1059.7,,,https://copyposse.com/wp-content/uploads/2023/07/CPLP-S4-Certificate-of-Completion-Carmen-Tate.pdf
2023/07,2023-07-27T12:08:05,original,image/jpeg,78.1,800,533,https://copyposse.com/wp-content/uploads/2023/07/bonus_confidential.jpg
2023/07,2023-07-27T12:08:55,original,image/jpeg,70.4,800,533,https://copyposse.com/wp-content/uploads/2023/07/bonus_questions.jpg
2023/07,2023-07-27T12:09:43,original,image/jpeg,86.4,800,533,https://copyposse.com/wp-content/uploads/2023/07/bonus_glossary.jpg
2023/07,2023-07-27T12:10:30,original,image/jpeg,78.7,800,533,https://copyposse.com/wp-content/uploads/2023/07/bonus_words.jpg
2023/07,2023-07-27T12:11:29,original,image/jpeg,75.5,800,533,https://copyposse.com/wp-content/uploads/2023/07/bonus_nichelist.jpg
2023/07,2023-07-28T15:19:10,original,image/jpeg,6.5,251,251,https://copyposse.com/wp-content/uploads/2023/07/team_chelsea.jpg
2023/07,2023-07-28T15:19:19,original,image/jpeg,7.1,295,49,https://copyposse.com/wp-content/uploads/2023/07/team_chelsea_text.jpg
2023/07,2023-07-28T15:31:21,original,image/jpeg,6.5,235,55,https://copyposse.com/wp-content/uploads/2023/07/text_innovation.jpg
2023/07,2023-07-29T16:25:42,original,image/png,75.1,500,477,https://copyposse.com/wp-content/uploads/2023/07/posse_eye_logo_noshadow.png
2023/07,2023-07-29T16:45:12,original,image/jpeg,288.3,1661,1260,https://copyposse.com/wp-content/uploads/2023/07/bg_salmon_eye.jpg
2023/07,2023-07-30T02:01:48,original,image/jpeg,1112.5,1493,1340,https://copyposse.com/wp-content/uploads/2023/07/3-things-power-couples-do.jpg
2023/07,2023-07-30T02:01:53,original,image/jpeg,93.2,1280,720,https://copyposse.com/wp-content/uploads/2023/07/maxresdefault-1.jpg
2023/07,2023-07-30T02:01:54,original,image/jpeg,143.6,1000,750,https://copyposse.com/wp-content/uploads/2023/07/copywriting-vs-content-writing.jpg
2023/07,2023-07-30T02:01:56,original,image/jpeg,274.6,2000,1333,https://copyposse.com/wp-content/uploads/2023/07/9E70109D-1AF3-438C-AF07-70E345E46AD5-scaled-1.jpg
2023/07,2023-07-30T02:01:59,original,image/jpeg,215.5,2000,1125,https://copyposse.com/wp-content/uploads/2023/07/A06BE861-F0C9-414A-A70E-8C55A5CE9F58-scaled-1.jpg
2023/07,2023-07-30T02:02:01,original,image/jpeg,252.3,1000,667,https://copyposse.com/wp-content/uploads/2023/07/power-dynamics-couple-relationships.jpg
2023/07,2023-07-30T02:02:05,original,image/png,785.6,1280,720,https://copyposse.com/wp-content/uploads/2023/07/Ep-1-Thumb-New.png
2023/07,2023-07-30T02:02:11,original,image/jpeg,215.2,2000,1333,https://copyposse.com/wp-content/uploads/2023/07/654AF3A5-1A1A-44A4-AE7C-E5ADD453CC89-scaled-1.jpg
2023/07,2023-07-30T02:02:14,original,image/jpeg,111.0,1280,720,https://copyposse.com/wp-content/uploads/2023/07/best-copywriting-books-for-beginners.jpg
2023/07,2023-07-30T02:02:18,original,image/jpeg,256.5,1280,720,https://copyposse.com/wp-content/uploads/2023/07/Thumbnail792.jpg
2023/07,2023-07-30T02:02:21,original,image/jpeg,84.8,1280,720,https://copyposse.com/wp-content/uploads/2023/07/how-to-write-headlines.jpg
2023/07,2023-07-30T02:02:23,original,image/jpeg,192.8,1920,1080,https://copyposse.com/wp-content/uploads/2023/07/SIcmFdNu.jpeg
2023/07,2023-07-30T02:02:27,original,image/jpeg,250.9,1920,1080,https://copyposse.com/wp-content/uploads/2023/07/Ep_06_V1.jpg
2023/07,2023-07-30T02:02:30,original,image/jpeg,184.0,1920,1080,https://copyposse.com/wp-content/uploads/2023/07/adKT-G9w.jpeg
2023/07,2023-07-30T02:02:33,original,image/jpeg,527.8,1920,1080,https://copyposse.com/wp-content/uploads/2023/07/Ep_08_Thumb-2.jpg
2023/07,2023-07-30T02:02:36,original,image/jpeg,369.6,1920,1080,https://copyposse.com/wp-content/uploads/2023/07/Ep9_Thumb.jpg
2023/07,2023-07-30T02:02:39,original,image/jpeg,587.4,1920,1080,https://copyposse.com/wp-content/uploads/2023/07/Ep_10_Thumb-copy-2.jpg
2023/07,2023-07-30T02:02:42,original,image/jpeg,407.5,1280,720,https://copyposse.com/wp-content/uploads/2023/07/Morning-Motivation.jpg
2023/07,2023-07-30T02:02:45,original,image/jpeg,437.3,1280,720,https://copyposse.com/wp-content/uploads/2023/07/Ep-13-Hiring-Writers.jpg
2023/07,2023-07-30T02:02:48,original,image/jpeg,502.4,1280,720,https://copyposse.com/wp-content/uploads/2023/07/Ep14-Thumb-A.jpg
2023/07,2023-07-30T02:02:48,original,image/jpeg,502.4,1280,720,https://copyposse.com/wp-content/uploads/2023/07/Ep14-Thumb-A-1.jpg
2023/07,2023-07-30T02:02:53,original,image/jpeg,501.8,1280,720,https://copyposse.com/wp-content/uploads/2023/07/Copy-of-Copy-of-Copy-of-Morning-Motivation.jpg
2023/07,2023-07-30T02:02:53,original,image/jpeg,501.8,1280,720,https://copyposse.com/wp-content/uploads/2023/07/Copy-of-Copy-of-Copy-of-Morning-Motivation-1.jpg
2023/07,2023-07-30T02:02:58,original,image/jpeg,436.5,1280,720,https://copyposse.com/wp-content/uploads/2023/07/Ep-16-Webinar-Outline-1.jpg
2023/07,2023-07-30T02:03:00,original,image/jpeg,436.5,1280,720,https://copyposse.com/wp-content/uploads/2023/07/Ep-16-Webinar-Outline.jpg
2023/07,2023-07-30T02:03:05,original,image/jpeg,456.9,1280,720,https://copyposse.com/wp-content/uploads/2023/07/Ep-17-Thumb.jpg
2023/07,2023-07-30T02:03:08,original,image/jpeg,358.2,1280,720,https://copyposse.com/wp-content/uploads/2023/07/Ep-18.jpg
2023/07,2023-07-30T02:03:12,original,image/png,936.0,1280,720,https://copyposse.com/wp-content/uploads/2023/07/Ep-19-Thumb.png
2023/07,2023-07-30T02:03:35,original,image/png,588.8,1280,720,https://copyposse.com/wp-content/uploads/2023/07/digital-marketing-trends.png
2023/07,2023-07-30T02:03:39,original,image/png,888.9,1280,720,https://copyposse.com/wp-content/uploads/2023/07/Ep20-Thumb.png
2023/07,2023-07-30T02:03:47,original,image/png,735.9,1280,720,https://copyposse.com/wp-content/uploads/2023/07/Ep-21-Copywriting-Trends.png
2023/07,2023-07-30T02:04:07,original,image/png,861.5,1280,720,https://copyposse.com/wp-content/uploads/2023/07/EP-22-V1.png
2023/07,2023-07-30T02:04:19,original,image/png,603.7,1280,720,https://copyposse.com/wp-content/uploads/2023/07/Ep-24-Managing-Clients-1.png
2023/07,2023-07-30T02:04:38,original,image/png,1000.8,1280,720,https://copyposse.com/wp-content/uploads/2023/07/EP-23-Subject-Lines.png
2023/07,2023-07-30T02:04:39,original,image/png,1000.8,1280,720,https://copyposse.com/wp-content/uploads/2023/07/EP-23-Subject-Lines-1.png
2023/07,2023-07-30T02:05:03,original,image/jpeg,438.0,1920,1080,https://copyposse.com/wp-content/uploads/2023/07/Ep_25-Thumb2.jpg
2023/07,2023-07-30T02:05:07,original,image/png,765.1,1280,720,https://copyposse.com/wp-content/uploads/2023/07/Ep-26-Thumb.png
2023/07,2023-07-30T02:05:08,original,image/png,765.1,1280,720,https://copyposse.com/wp-content/uploads/2023/07/Ep-26-Thumb-1.png
2023/07,2023-07-30T02:05:20,original,image/png,83.2,750,383,https://copyposse.com/wp-content/uploads/2023/07/Notion-e1568839490521.png
2023/07,2023-07-30T02:05:24,original,image/png,455.6,1600,874,https://copyposse.com/wp-content/uploads/2023/07/Khan-Academy.png
2023/07,2023-07-30T02:05:27,original,image/png,301.8,1600,876,https://copyposse.com/wp-content/uploads/2023/07/Square-Space.png
2023/07,2023-07-30T02:05:31,original,image/png,106.6,1600,839,https://copyposse.com/wp-content/uploads/2023/07/Neil-Patel.png
2023/07,2023-07-30T02:05:39,original,image/png,1049.3,1600,817,https://copyposse.com/wp-content/uploads/2023/07/Thinx.png
2023/07,2023-07-30T02:05:59,original,image/png,89.2,1600,786,https://copyposse.com/wp-content/uploads/2023/07/Lyft.png
2023/07,2023-07-30T02:06:00,original,image/png,89.2,1600,786,https://copyposse.com/wp-content/uploads/2023/07/Lyft-1.png
2023/07,2023-07-30T02:06:04,original,image/png,422.5,1600,779,https://copyposse.com/wp-content/uploads/2023/07/Stripe.png
2023/07,2023-07-30T02:06:05,original,image/png,422.5,1600,779,https://copyposse.com/wp-content/uploads/2023/07/Stripe-1.png
2023/07,2023-07-30T02:06:15,original,image/png,970.2,1600,721,https://copyposse.com/wp-content/uploads/2023/07/Udemy.png
2023/07,2023-07-30T02:06:16,original,image/png,970.2,1600,721,https://copyposse.com/wp-content/uploads/2023/07/Udemy-1.png
2023/07,2023-07-30T02:06:30,original,image/png,286.8,1600,872,https://copyposse.com/wp-content/uploads/2023/07/Blinkist.png
2023/07,2023-07-30T02:06:32,original,image/png,286.8,1600,872,https://copyposse.com/wp-content/uploads/2023/07/Blinkist-1.png
2023/07,2023-07-30T02:06:39,original,image/png,630.4,1600,807,https://copyposse.com/wp-content/uploads/2023/07/Shopify.png
2023/07,2023-07-30T02:06:40,original,image/png,630.4,1600,807,https://copyposse.com/wp-content/uploads/2023/07/Shopify-1.png
2023/07,2023-07-30T02:06:50,original,image/png,925.5,1280,720,https://copyposse.com/wp-content/uploads/2023/07/EP-27-Thumb.png
2023/07,2023-07-30T02:06:51,original,image/png,925.5,1280,720,https://copyposse.com/wp-content/uploads/2023/07/EP-27-Thumb-1.png
2023/07,2023-07-30T02:07:19,original,image/png,925.5,1280,720,https://copyposse.com/wp-content/uploads/2023/07/EP-27-Thumb-2.png
2023/07,2023-07-30T02:07:27,original,image/png,872.7,1280,720,https://copyposse.com/wp-content/uploads/2023/07/Ep-28.png
2023/07,2023-07-30T02:07:29,original,image/png,872.7,1280,720,https://copyposse.com/wp-content/uploads/2023/07/Ep-28-1.png
2023/07,2023-07-30T02:07:30,original,image/png,872.7,1280,720,https://copyposse.com/wp-content/uploads/2023/07/Ep-28-2.png
2023/07,2023-07-30T02:07:50,original,image/png,872.7,1280,720,https://copyposse.com/wp-content/uploads/2023/07/Ep-28-3.png
2023/07,2023-07-30T02:07:56,original,image/jpeg,70.8,800,400,https://copyposse.com/wp-content/uploads/2023/07/airbnb-library.jpg
2023/07,2023-07-30T02:07:58,original,image/jpeg,70.8,800,400,https://copyposse.com/wp-content/uploads/2023/07/airbnb-library-1.jpg
2023/07,2023-07-30T02:07:59,original,image/jpeg,70.8,800,400,https://copyposse.com/wp-content/uploads/2023/07/airbnb-library-2.jpg
2023/07,2023-07-30T02:08:01,original,image/jpeg,230.1,768,1024,https://copyposse.com/wp-content/uploads/2023/07/MN-Stairs.jpg
2023/07,2023-07-30T02:08:02,original,image/jpeg,230.1,768,1024,https://copyposse.com/wp-content/uploads/2023/07/MN-Stairs-1.jpg
2023/07,2023-07-30T02:08:03,original,image/jpeg,230.1,768,1024,https://copyposse.com/wp-content/uploads/2023/07/MN-Stairs-2.jpg
2023/07,2023-07-30T02:08:05,original,image/png,101.3,625,487,https://copyposse.com/wp-content/uploads/2023/07/popup-total-confusion.png
2023/07,2023-07-30T02:08:06,original,image/png,101.3,625,487,https://copyposse.com/wp-content/uploads/2023/07/popup-total-confusion-1.png
2023/07,2023-07-30T02:08:07,original,image/png,101.3,625,487,https://copyposse.com/wp-content/uploads/2023/07/popup-total-confusion-2.png
2023/07,2023-07-30T02:08:12,original,image/jpeg,51.8,640,838,https://copyposse.com/wp-content/uploads/2023/07/Bloomingdales-1.jpg
2023/07,2023-07-30T02:08:12,original,image/jpeg,51.8,640,838,https://copyposse.com/wp-content/uploads/2023/07/Bloomingdales-1-1.jpg
2023/07,2023-07-30T02:08:13,original,image/jpeg,51.8,640,838,https://copyposse.com/wp-content/uploads/2023/07/Bloomingdales-1-2.jpg
2023/07,2023-07-30T02:08:15,original,image/jpeg,448.4,2000,1493,https://copyposse.com/wp-content/uploads/2023/07/Come-A-Little-Closer-scaled-1.jpg
2023/07,2023-07-30T02:08:15,original,image/jpeg,448.4,2000,1493,https://copyposse.com/wp-content/uploads/2023/07/Come-A-Little-Closer-scaled-2.jpg
2023/07,2023-07-30T02:08:16,original,image/jpeg,448.4,2000,1493,https://copyposse.com/wp-content/uploads/2023/07/Come-A-Little-Closer-scaled-3.jpg
2023/07,2023-07-30T02:08:21,original,image/jpeg,309.4,2000,1207,https://copyposse.com/wp-content/uploads/2023/07/popup-exit-bad-mashable.jpg
2023/07,2023-07-30T02:08:22,original,image/jpeg,309.4,2000,1207,https://copyposse.com/wp-content/uploads/2023/07/popup-exit-bad-mashable-1.jpg
2023/07,2023-07-30T02:08:23,original,image/jpeg,309.4,2000,1207,https://copyposse.com/wp-content/uploads/2023/07/popup-exit-bad-mashable-2.jpg
2023/07,2023-07-30T02:08:26,original,image/jpeg,80.9,1000,542,https://copyposse.com/wp-content/uploads/2023/07/Rareloop.jpg
2023/07,2023-07-30T02:08:27,original,image/jpeg,80.9,1000,542,https://copyposse.com/wp-content/uploads/2023/07/Rareloop-1.jpg
2023/07,2023-07-30T02:08:29,original,image/jpeg,80.9,1000,542,https://copyposse.com/wp-content/uploads/2023/07/Rareloop-2.jpg
2023/07,2023-07-30T02:08:30,original,image/jpeg,29.6,420,260,https://copyposse.com/wp-content/uploads/2023/07/mcyass.jpg
2023/07,2023-07-30T02:08:30,original,image/jpeg,29.6,420,260,https://copyposse.com/wp-content/uploads/2023/07/mcyass-1.jpg
2023/07,2023-07-30T02:08:32,original,image/jpeg,29.6,420,260,https://copyposse.com/wp-content/uploads/2023/07/mcyass-2.jpg
2023/07,2023-07-30T02:08:33,original,image/jpeg,13.7,324,164,https://copyposse.com/wp-content/uploads/2023/07/raybanface.jpg
2023/07,2023-07-30T02:08:35,original,image/jpeg,109.2,1200,628,https://copyposse.com/wp-content/uploads/2023/07/sheetpool.jpg
2023/07,2023-07-30T02:08:39,original,image/jpeg,405.4,1920,1080,https://copyposse.com/wp-content/uploads/2023/07/Ep-29-Thumbnail3.jpg
2023/07,2023-07-30T02:08:40,original,image/jpeg,405.4,1920,1080,https://copyposse.com/wp-content/uploads/2023/07/Ep-29-Thumbnail3-1.jpg
2023/07,2023-07-30T02:08:41,original,image/jpeg,405.4,1920,1080,https://copyposse.com/wp-content/uploads/2023/07/Ep-29-Thumbnail3-2.jpg
2023/07,2023-07-30T02:08:44,original,image/jpeg,12.0,324,164,https://copyposse.com/wp-content/uploads/2023/07/raybanface-e1568837066173.jpg
2023/07,2023-07-30T02:08:44,original,image/jpeg,12.0,324,164,https://copyposse.com/wp-content/uploads/2023/07/raybanface-e1568837066173-1.jpg
2023/07,2023-07-30T02:08:46,original,image/jpeg,51.8,640,838,https://copyposse.com/wp-content/uploads/2023/07/Bloomingdales.jpg
2023/07,2023-07-30T02:08:50,original,image/jpeg,448.4,2000,1493,https://copyposse.com/wp-content/uploads/2023/07/Come-A-Little-Closer-1-scaled-1.jpg
2023/07,2023-07-30T02:08:57,original,image/jpeg,448.4,2000,1493,https://copyposse.com/wp-content/uploads/2023/07/Come-A-Little-Closer-1-scaled-2.jpg
2023/07,2023-07-30T02:09:04,original,image/png,675.9,1280,720,https://copyposse.com/wp-content/uploads/2023/07/Ep-31-Thumb-What-Is-Copywriting.png
2023/07,2023-07-30T02:09:11,original,image/png,675.9,1280,720,https://copyposse.com/wp-content/uploads/2023/07/Ep-31-Thumb-What-Is-Copywriting-1.png
2023/07,2023-07-30T02:09:24,original,image/png,709.6,1280,720,https://copyposse.com/wp-content/uploads/2023/07/Ep-32-Shocking-Email-Marketing-Facts-1.png
2023/07,2023-07-30T02:09:31,original,image/png,966.0,1280,720,https://copyposse.com/wp-content/uploads/2023/07/Ep-32-5-Stages-of-Market-Sophistication.png
2023/07,2023-07-30T02:09:42,original,image/png,853.6,1280,720,https://copyposse.com/wp-content/uploads/2023/07/Ep34-Thumb.png
2023/07,2023-07-30T02:09:52,original,image/png,939.7,1280,720,https://copyposse.com/wp-content/uploads/2023/07/Ep-36-Pricing.png
2023/07,2023-07-30T02:09:58,original,image/webp,577.8,1280,720,https://copyposse.com/wp-content/uploads/2023/07/Ep-37-Thumb.png
2023/07,2023-07-30T02:10:03,original,image/webp,612.4,1280,720,https://copyposse.com/wp-content/uploads/2023/07/Ep-38-100-10000.png
2023/07,2023-07-30T02:10:13,original,image/png,914.4,1280,720,https://copyposse.com/wp-content/uploads/2023/07/Ep-39-Brands-To-Follow-1.png
2023/07,2023-07-30T02:10:19,original,image/png,858.4,1280,720,https://copyposse.com/wp-content/uploads/2023/07/Ep-40-Side-Hustles.png
2023/07,2023-07-30T02:10:25,original,image/png,764.2,1280,720,https://copyposse.com/wp-content/uploads/2023/07/Ep-41-Homepage-Copy-1.png
2023/07,2023-07-30T02:10:34,original,image/png,736.0,1280,720,https://copyposse.com/wp-content/uploads/2023/07/Ep-42-Copywriting-exposed.png
2023/07,2023-07-30T02:10:41,original,image/png,813.4,1280,720,https://copyposse.com/wp-content/uploads/2023/07/43-Mindset-Shifts.png
2023/07,2023-07-30T02:10:48,original,image/png,606.1,1280,720,https://copyposse.com/wp-content/uploads/2023/07/Ep-44-Portfolio-1.png
2023/07,2023-07-30T02:10:57,original,image/png,899.8,1280,720,https://copyposse.com/wp-content/uploads/2023/07/Ep-45-Brand-Voice.png
2023/07,2023-07-30T02:11:04,original,image/webp,590.9,1280,720,https://copyposse.com/wp-content/uploads/2023/07/Ep-46.png
2023/07,2023-07-30T02:11:08,original,image/jpeg,337.5,1920,1080,https://copyposse.com/wp-content/uploads/2023/07/Ep_11_THUMB.jpg
2023/07,2023-07-30T02:11:21,original,image/png,628.8,1280,720,https://copyposse.com/wp-content/uploads/2023/07/Ep-30-Perfect-Pitch-1.png
2023/07,2023-07-30T02:11:29,original,image/png,760.4,1280,720,https://copyposse.com/wp-content/uploads/2023/07/Ep-35-2.png
2023/07,2023-07-30T02:11:36,original,image/png,861.5,1280,720,https://copyposse.com/wp-content/uploads/2023/07/Ep47.png
2023/07,2023-07-30T02:11:44,original,image/png,739.4,1280,720,https://copyposse.com/wp-content/uploads/2023/07/Ep-48.png
2023/07,2023-07-30T02:11:53,original,image/png,831.9,1280,720,https://copyposse.com/wp-content/uploads/2023/07/EP-49.png
2023/07,2023-07-30T02:11:59,original,image/png,707.1,1280,720,https://copyposse.com/wp-content/uploads/2023/07/EP-50-Customer-Objections.png
2023/07,2023-07-30T02:12:08,original,image/png,732.3,1280,720,https://copyposse.com/wp-content/uploads/2023/07/EP-52-Portfolio-Tips.png
2023/07,2023-07-30T02:12:16,original,image/png,486.9,1280,720,https://copyposse.com/wp-content/uploads/2023/07/ep52.png
2023/07,2023-07-30T02:12:21,original,image/jpeg,49.4,604,403,https://copyposse.com/wp-content/uploads/2023/07/10400244_77373408897_5349522_n.jpg
2023/07,2023-07-30T02:12:25,original,image/png,567.0,1280,720,https://copyposse.com/wp-content/uploads/2023/07/Ep53-Copywriting-Courses.png
2023/07,2023-07-30T02:12:31,original,image/png,741.8,1280,720,https://copyposse.com/wp-content/uploads/2023/07/Ep-54.png
2023/07,2023-07-30T02:12:53,original,image/png,792.7,1280,720,https://copyposse.com/wp-content/uploads/2023/07/EP55-Thumb.png
2023/07,2023-07-30T02:13:02,original,image/png,919.6,1280,720,https://copyposse.com/wp-content/uploads/2023/07/EP-56-No.png
2023/07,2023-07-30T02:13:10,original,image/jpeg,58.7,800,534,https://copyposse.com/wp-content/uploads/2023/07/D1A6726-scaled-e1586716168389.jpg
2023/07,2023-07-30T02:13:16,original,image/png,681.6,1280,720,https://copyposse.com/wp-content/uploads/2023/07/Ep57.png
2023/07,2023-07-30T02:13:23,original,image/png,847.0,1280,720,https://copyposse.com/wp-content/uploads/2023/07/EP-58-Thumb.png
2023/07,2023-07-30T02:13:28,original,image/png,1536.5,1280,720,https://copyposse.com/wp-content/uploads/2023/07/Self-Care-Rituals.png
2023/07,2023-07-30T02:13:39,original,image/png,1257.2,1618,781,https://copyposse.com/wp-content/uploads/2023/07/Screen-Shot-2020-04-24-at-9.38.32-AM.png
2023/07,2023-07-30T02:13:44,original,image/jpeg,74.2,1400,636,https://copyposse.com/wp-content/uploads/2023/07/Pacific-Blue-Cross.jpg
2023/07,2023-07-30T02:13:47,original,image/jpeg,505.5,1500,1954,https://copyposse.com/wp-content/uploads/2023/07/adtresi3.jpg
2023/07,2023-07-30T02:13:50,original,image/png,183.4,1000,1000,https://copyposse.com/wp-content/uploads/2023/07/Acorns-Stat-Education.png
2023/07,2023-07-30T02:13:53,original,image/png,181.8,1000,1000,https://copyposse.com/wp-content/uploads/2023/07/Acorns-Stat-Coffee.png
2023/07,2023-07-30T02:13:56,original,image/png,633.2,910,1054,https://copyposse.com/wp-content/uploads/2023/07/Screen-Shot-2020-04-23-at-8.29.03-PM.png
2023/07,2023-07-30T02:14:03,original,image/png,417.1,1200,906,https://copyposse.com/wp-content/uploads/2023/07/Screen-Shot-2020-04-23-at-8.44.07-PM.png
2023/07,2023-07-30T02:14:09,original,image/png,45.2,1062,569,https://copyposse.com/wp-content/uploads/2023/07/Live-Recover.png
2023/07,2023-07-30T02:14:12,original,image/jpeg,83.5,1024,512,https://copyposse.com/wp-content/uploads/2023/07/Excedrin.jpeg
2023/07,2023-07-30T02:14:14,original,image/png,841.5,1280,720,https://copyposse.com/wp-content/uploads/2023/07/How-to-write-a-hook.png
2023/07,2023-07-30T02:14:31,original,image/png,841.5,1280,720,https://copyposse.com/wp-content/uploads/2023/07/How-to-write-a-hook-1.png
2023/07,2023-07-30T02:14:33,original,image/png,489.3,1297,569,https://copyposse.com/wp-content/uploads/2023/07/Screen-Shot-2020-05-04-at-9.30.03-AM.png
2023/07,2023-07-30T02:14:38,original,image/png,394.6,1708,1126,https://copyposse.com/wp-content/uploads/2023/07/Screen-Shot-2020-05-04-at-8.46.32-AM.png
2023/07,2023-07-30T02:14:40,original,image/png,394.6,1708,1126,https://copyposse.com/wp-content/uploads/2023/07/Screen-Shot-2020-05-04-at-8.46.32-AM-1.png
2023/07,2023-07-30T02:14:45,original,image/png,2424.8,2000,1130,https://copyposse.com/wp-content/uploads/2023/07/Screen-Shot-2020-05-05-at-3.10.35-PM.png
2023/07,2023-07-30T02:14:46,original,image/png,2424.8,2000,1130,https://copyposse.com/wp-content/uploads/2023/07/Screen-Shot-2020-05-05-at-3.10.35-PM-1.png
2023/07,2023-07-30T02:15:04,original,image/png,2359.8,2000,1061,https://copyposse.com/wp-content/uploads/2023/07/Screen-Shot-2020-05-05-at-3.12.35-PM.png
2023/07,2023-07-30T02:15:25,original,image/png,341.6,2000,1041,https://copyposse.com/wp-content/uploads/2023/07/Screen-Shot-2020-05-05-at-4.03.33-PM.png
2023/07,2023-07-30T02:15:26,original,image/png,341.6,2000,1041,https://copyposse.com/wp-content/uploads/2023/07/Screen-Shot-2020-05-05-at-4.03.33-PM-1.png
2023/07,2023-07-30T02:15:34,original,image/jpeg,304.3,2000,1334,https://copyposse.com/wp-content/uploads/2023/07/Depositphotos_6121140_xl-2015-scaled.jpg
2023/07,2023-07-30T02:15:39,original,image/jpeg,5118.4,,,https://copyposse.com/wp-content/uploads/2023/07/Depositphotos_6121140_xl-2015-1.jpg
2023/07,2023-07-30T02:15:40,original,image/jpeg,304.3,2000,1334,https://copyposse.com/wp-content/uploads/2023/07/Depositphotos_6121140_xl-2015-1-scaled.jpg
2023/07,2023-07-30T02:15:47,original,image/jpeg,304.3,2000,1334,https://copyposse.com/wp-content/uploads/2023/07/Depositphotos_6121140_xl-2015-2-scaled.jpg
2023/07,2023-07-30T02:15:50,original,image/jpeg,644.6,2000,1500,https://copyposse.com/wp-content/uploads/2023/07/Depositphotos_2400445_xl-2015-scaled.jpg
2023/07,2023-07-30T02:15:53,original,image/jpeg,644.6,2000,1500,https://copyposse.com/wp-content/uploads/2023/07/Depositphotos_2400445_xl-2015-1-scaled.jpg
2023/07,2023-07-30T02:16:05,original,image/jpeg,644.6,2000,1500,https://copyposse.com/wp-content/uploads/2023/07/Depositphotos_2400445_xl-2015-2-scaled.jpg
2023/07,2023-07-30T02:16:11,original,image/webp,593.0,1280,720,https://copyposse.com/wp-content/uploads/2023/07/Ep-60-Triggers.png
2023/07,2023-07-30T02:16:12,original,image/webp,593.0,1280,720,https://copyposse.com/wp-content/uploads/2023/07/Ep-60-Triggers-1.png
2023/07,2023-07-30T02:16:15,original,image/jpeg,35.8,328,500,https://copyposse.com/wp-content/uploads/2023/07/presuasion-book.jpg
2023/07,2023-07-30T02:16:17,original,image/jpeg,35.8,328,500,https://copyposse.com/wp-content/uploads/2023/07/presuasion-book-1.jpg
2023/07,2023-07-30T02:16:18,original,image/jpeg,459.4,2000,1500,https://copyposse.com/wp-content/uploads/2023/07/Depositphotos_2400445_xl-2015-scaled-1.jpg
2023/07,2023-07-30T02:16:20,original,image/jpeg,459.4,2000,1500,https://copyposse.com/wp-content/uploads/2023/07/Depositphotos_2400445_xl-2015-scaled-2.jpg
2023/07,2023-07-30T02:16:23,original,image/jpeg,459.4,2000,1500,https://copyposse.com/wp-content/uploads/2023/07/Depositphotos_2400445_xl-2015-scaled-3.jpg
2023/07,2023-07-30T02:16:25,original,image/jpeg,216.0,2000,1333,https://copyposse.com/wp-content/uploads/2023/07/Depositphotos_6121140_xl-2015-scaled-1.jpg
2023/07,2023-07-30T02:16:26,original,image/jpeg,216.0,2000,1333,https://copyposse.com/wp-content/uploads/2023/07/Depositphotos_6121140_xl-2015-scaled-2.jpg
2023/07,2023-07-30T02:16:27,original,image/jpeg,216.0,2000,1333,https://copyposse.com/wp-content/uploads/2023/07/Depositphotos_6121140_xl-2015-scaled-3.jpg
2023/07,2023-07-30T02:16:32,original,image/png,93.7,1920,1080,https://copyposse.com/wp-content/uploads/2023/07/3.png
2023/07,2023-07-30T02:16:32,original,image/png,93.7,1920,1080,https://copyposse.com/wp-content/uploads/2023/07/3-1.png
2023/07,2023-07-30T02:16:34,original,image/png,93.7,1920,1080,https://copyposse.com/wp-content/uploads/2023/07/3-2.png
2023/07,2023-07-30T02:16:38,original,image/png,500.4,1280,720,https://copyposse.com/wp-content/uploads/2023/07/Ep-61-Find-Your-Niche.png
2023/07,2023-07-30T02:16:39,original,image/png,500.4,1280,720,https://copyposse.com/wp-content/uploads/2023/07/Ep-61-Find-Your-Niche-1.png
2023/07,2023-07-30T02:16:54,original,image/jpeg,333.4,1467,941,https://copyposse.com/wp-content/uploads/2023/07/copywriting-tips.jpg
2023/07,2023-07-30T02:16:57,original,image/png,841.9,1280,720,https://copyposse.com/wp-content/uploads/2023/07/Ep-62-Mentor.png
2023/07,2023-07-30T02:17:09,original,image/png,787.8,1946,1302,https://copyposse.com/wp-content/uploads/2023/07/Screen-Shot-2020-05-29-at-1.03.50-PM.png
2023/07,2023-07-30T02:17:13,original,image/png,42.2,768,521,https://copyposse.com/wp-content/uploads/2023/07/AC-Bid-Upgrade-Slider-1024x694-1-768x521-1.png
2023/07,2023-07-30T02:17:16,original,image/png,2191.4,2000,1499,https://copyposse.com/wp-content/uploads/2023/07/Customer_Awareness.png
2023/07,2023-07-30T02:17:21,original,image/png,1227.9,1580,2000,https://copyposse.com/wp-content/uploads/2023/07/Gabby-Bernstein-Upsell-Crop.png
2023/07,2023-07-30T02:17:26,original,image/jpeg,93.5,738,561,https://copyposse.com/wp-content/uploads/2023/07/campaign-monitor-segmentation.jpg
2023/07,2023-07-30T02:17:30,original,image/png,108.9,1750,644,https://copyposse.com/wp-content/uploads/2023/07/Mindvalley-Risk-Reversal.png
2023/07,2023-07-30T02:17:34,original,image/png,371.1,2000,1022,https://copyposse.com/wp-content/uploads/2023/07/Screen-Shot-2020-05-29-at-12.57.56-PM.png
2023/07,2023-07-30T02:17:45,original,image/png,2470.4,1691,2000,https://copyposse.com/wp-content/uploads/2023/07/ReformationCrop.png
2023/07,2023-07-30T02:17:51,original,image/png,816.8,1280,720,https://copyposse.com/wp-content/uploads/2023/07/Ep-63-Thumb.png
2023/07,2023-07-30T02:18:01,original,image/png,221.9,1024,694,https://copyposse.com/wp-content/uploads/2023/07/AC-Bid-Upgrade-Slider-1024x694-1.png
2023/07,2023-07-30T02:18:02,original,image/png,221.9,1024,694,https://copyposse.com/wp-content/uploads/2023/07/AC-Bid-Upgrade-Slider-1024x694-1-1.png
2023/07,2023-07-30T02:18:05,original,image/png,113.5,295,385,https://copyposse.com/wp-content/uploads/2023/07/Gabby-Bernstein-Upsell-e1591165438157.png
2023/07,2023-07-30T02:18:06,original,image/png,113.5,295,385,https://copyposse.com/wp-content/uploads/2023/07/Gabby-Bernstein-Upsell-e1591165438157-1.png
2023/07,2023-07-30T02:18:11,original,image/jpeg,217.1,2000,1333,https://copyposse.com/wp-content/uploads/2023/07/D1A1866.jpg
2023/07,2023-07-30T02:18:14,original,image/jpeg,81.5,600,544,https://copyposse.com/wp-content/uploads/2023/07/1_mgkAw40uPUqgef_MWB-xyg.jpeg
2023/07,2023-07-30T02:18:16,original,image/png,1523.9,1282,1180,https://copyposse.com/wp-content/uploads/2023/07/Screen-Shot-2020-06-17-at-11.15.56-AM.png
2023/07,2023-07-30T02:18:24,original,image/png,716.0,2000,1113,https://copyposse.com/wp-content/uploads/2023/07/Screen-Shot-2020-06-17-at-11.18.32-AM.png
2023/07,2023-07-30T02:18:28,original,image/png,1207.7,1116,1250,https://copyposse.com/wp-content/uploads/2023/07/Screen-Shot-2020-06-17-at-11.19.33-AM.png
2023/07,2023-07-30T02:18:36,original,image/png,1594.5,1284,994,https://copyposse.com/wp-content/uploads/2023/07/Screen-Shot-2020-06-17-at-11.17.40-AM.png
2023/07,2023-07-30T02:18:53,original,image/png,1011.0,1202,928,https://copyposse.com/wp-content/uploads/2023/07/Screen-Shot-2020-06-17-at-11.19.15-AM.png
2023/07,2023-07-30T02:19:06,original,image/png,1833.2,1604,970,https://copyposse.com/wp-content/uploads/2023/07/Triplets.png
2023/07,2023-07-30T02:19:14,original,image/png,1891.0,1480,1064,https://copyposse.com/wp-content/uploads/2023/07/MBG.png
2023/07,2023-07-30T02:19:29,original,image/png,286.9,532,564,https://copyposse.com/wp-content/uploads/2023/07/Screenshot-2020-05-21-at-00.06.27.png
2023/07,2023-07-30T02:19:33,original,image/png,363.2,752,478,https://copyposse.com/wp-content/uploads/2023/07/Tesler-Money.png
2023/07,2023-07-30T02:19:38,original,image/png,1842.0,1408,1262,https://copyposse.com/wp-content/uploads/2023/07/Bored-Panda.png
2023/07,2023-07-30T02:19:52,original,image/png,1009.2,1280,720,https://copyposse.com/wp-content/uploads/2023/07/Ep-64-Clickbait.png
2023/07,2023-07-30T02:20:02,original,image/png,1528.7,1288,1190,https://copyposse.com/wp-content/uploads/2023/07/Screen-Shot-2020-06-17-at-11.14.49-AM.png
2023/07,2023-07-30T02:33:48,original,image/png,311.6,600,338,https://copyposse.com/wp-content/uploads/2023/07/ep65.png
2023/07,2023-07-30T02:33:50,original,image/jpeg,230.8,2000,1121,https://copyposse.com/wp-content/uploads/2023/07/Screen-Shot-2020-06-24-at-8.35.42-AM.jpg
2023/07,2023-07-30T02:33:54,original,image/png,600.7,1280,720,https://copyposse.com/wp-content/uploads/2023/07/EP-66-Niche.png
2023/07,2023-07-30T02:34:03,original,image/webp,660.2,1280,720,https://copyposse.com/wp-content/uploads/2023/07/Ep-67-Best-Job-1.png
2023/07,2023-07-30T02:34:07,original,image/webp,455.7,1280,720,https://copyposse.com/wp-content/uploads/2023/07/EP-68-Thumb.png
2023/07,2023-07-30T02:34:10,original,image/jpeg,156.0,960,541,https://copyposse.com/wp-content/uploads/2023/07/empathy-copywriting.jpg
2023/07,2023-07-30T02:34:13,original,image/png,572.3,1280,720,https://copyposse.com/wp-content/uploads/2023/07/Ep-69-Thumb-1.png
2023/07,2023-07-30T02:34:23,original,image/webp,466.7,1280,720,https://copyposse.com/wp-content/uploads/2023/07/Ep70-Scams.png
2023/07,2023-07-30T02:34:27,original,image/png,722.1,1280,720,https://copyposse.com/wp-content/uploads/2023/07/EP-71-PIVOT-1.png
2023/07,2023-07-30T02:34:47,original,image/png,597.6,1280,720,https://copyposse.com/wp-content/uploads/2023/07/1.png
2023/07,2023-07-30T02:34:54,original,image/png,722.1,1280,720,https://copyposse.com/wp-content/uploads/2023/07/EP-71-PIVOT.png
2023/07,2023-07-30T02:35:01,original,image/jpeg,506.3,2000,1334,https://copyposse.com/wp-content/uploads/2023/07/J1020510.jpg
2023/07,2023-07-30T02:35:07,original,image/jpeg,231.2,2000,1333,https://copyposse.com/wp-content/uploads/2023/07/E9222E7B-839E-42D4-97B1-4B1B42F89DC1.jpg
2023/07,2023-07-30T02:35:14,original,image/png,828.1,1280,720,https://copyposse.com/wp-content/uploads/2023/07/Ep-73-Thumb.png
2023/07,2023-07-30T02:35:22,original,image/webp,501.8,1280,720,https://copyposse.com/wp-content/uploads/2023/07/Ep-74-Thumb.png
2023/07,2023-07-30T02:35:25,original,image/png,871.7,1280,720,https://copyposse.com/wp-content/uploads/2023/07/Ep-76-IG-Captions-1.png
2023/07,2023-07-30T02:35:31,original,image/png,871.7,1280,720,https://copyposse.com/wp-content/uploads/2023/07/Ep-76-IG-Captions.png
2023/07,2023-07-30T02:35:42,original,image/png,811.6,1280,720,https://copyposse.com/wp-content/uploads/2023/07/Ep-77-income-streams.png
2023/07,2023-07-30T02:35:49,original,image/jpeg,195.6,2000,1334,https://copyposse.com/wp-content/uploads/2023/07/D1A6769.jpg
2023/07,2023-07-30T02:35:54,original,image/png,696.7,1280,720,https://copyposse.com/wp-content/uploads/2023/07/Ep-78-Copywriting-Tools.png
2023/07,2023-07-30T02:36:02,original,image/jpeg,160.8,1280,720,https://copyposse.com/wp-content/uploads/2023/07/IMG_8927.jpg
2023/07,2023-07-30T02:36:07,original,image/jpeg,792.3,1594,946,https://copyposse.com/wp-content/uploads/2023/07/emojis-meaning.jpg
2023/07,2023-07-30T02:36:29,original,image/png,734.9,1280,720,https://copyposse.com/wp-content/uploads/2023/07/Ep-81-Pre-Copywriter-Checklist.png
2023/07,2023-07-30T02:36:35,original,image/jpeg,130.2,1280,720,https://copyposse.com/wp-content/uploads/2023/07/ep82thumb.jpg
2023/07,2023-07-30T02:36:39,original,image/png,782.0,1280,720,https://copyposse.com/wp-content/uploads/2023/07/EP-83-Acronyms.png
2023/07,2023-07-30T02:36:47,original,image/png,194.6,2000,910,https://copyposse.com/wp-content/uploads/2023/07/Screen-Shot-2020-12-08-at-12.01.49-PM.png
2023/07,2023-07-30T02:36:50,original,image/png,1370.0,2000,1147,https://copyposse.com/wp-content/uploads/2023/07/Screen-Shot-2020-12-08-at-12.01.27-PM.png
2023/07,2023-07-30T02:36:55,original,image/png,255.3,2716,1072,https://copyposse.com/wp-content/uploads/2023/07/Screen-Shot-2020-12-08-at-12.04.23-PM.png
2023/07,2023-07-30T02:36:58,original,image/png,111.5,2000,1081,https://copyposse.com/wp-content/uploads/2023/07/Screen-Shot-2020-12-08-at-12.08.13-PM.png
2023/07,2023-07-30T02:37:01,original,image/png,331.5,2000,996,https://copyposse.com/wp-content/uploads/2023/07/Screen-Shot-2020-12-08-at-12.12.36-PM.png
2023/07,2023-07-30T02:37:05,original,image/png,208.4,2000,769,https://copyposse.com/wp-content/uploads/2023/07/Screen-Shot-2020-12-08-at-12.14.05-PM.png
2023/07,2023-07-30T02:37:10,original,image/png,132.9,2000,1120,https://copyposse.com/wp-content/uploads/2023/07/Screen-Shot-2020-12-08-at-12.16.20-PM.png
2023/07,2023-07-30T02:37:14,original,image/png,133.5,2000,1101,https://copyposse.com/wp-content/uploads/2023/07/Screen-Shot-2020-12-08-at-12.20.10-PM.png
2023/07,2023-07-30T02:37:17,original,image/jpeg,124.7,1280,720,https://copyposse.com/wp-content/uploads/2023/07/1.jpg
2023/07,2023-07-30T02:37:20,original,image/png,87.6,2000,847,https://copyposse.com/wp-content/uploads/2023/07/Screen-Shot-2020-12-08-at-12.08.49-PM.png
2023/07,2023-07-30T02:37:24,original,image/jpeg,123.3,1280,720,https://copyposse.com/wp-content/uploads/2023/07/Ep-85-5-Businesses-Booming.jpg
2023/07,2023-07-30T02:37:27,original,image/webp,460.5,1280,720,https://copyposse.com/wp-content/uploads/2023/07/86-sales-call-clients.png
2023/07,2023-07-30T02:37:32,original,image/png,1240.7,1280,720,https://copyposse.com/wp-content/uploads/2023/07/Ep-87-Mindset-Shifts-2021.png
2023/07,2023-07-30T02:37:45,original,image/png,940.0,1280,720,https://copyposse.com/wp-content/uploads/2023/07/Ep-88-6-Marketing-Trends.png
2023/07,2023-07-30T02:37:57,original,image/webp,335.1,1280,720,https://copyposse.com/wp-content/uploads/2023/07/EP-89-Sams-Story.png
2023/07,2023-07-30T02:37:59,original,image/png,679.0,1280,720,https://copyposse.com/wp-content/uploads/2023/07/1-1.png
2023/07,2023-07-30T02:38:06,original,image/png,522.1,1280,720,https://copyposse.com/wp-content/uploads/2023/07/Ep-91-Copywriting-Courses.png
2023/07,2023-07-30T02:38:11,original,image/png,1205.5,1280,720,https://copyposse.com/wp-content/uploads/2023/07/Ep92.png
2023/07,2023-07-30T02:38:29,original,image/png,128.7,1280,720,https://copyposse.com/wp-content/uploads/2023/07/Invoice-screenshot.png
2023/07,2023-07-30T02:38:31,original,image/png,828.1,1280,720,https://copyposse.com/wp-content/uploads/2023/07/Ep-93-Can-Copywriting-Make-You-Rich_.png
2023/07,2023-07-30T02:38:40,original,image/png,751.9,1280,720,https://copyposse.com/wp-content/uploads/2023/07/1-2.png
2023/07,2023-07-30T02:38:50,original,image/jpeg,215.5,828,1472,https://copyposse.com/wp-content/uploads/2023/07/3866461A-C180-4C36-8F39-73D5B2314979.jpg
2023/07,2023-07-30T02:38:52,original,image/jpeg,152.8,1125,2000,https://copyposse.com/wp-content/uploads/2023/07/E1F30743-BC07-4027-8A80-CC8FF86811DC.jpg
2023/07,2023-07-30T02:38:55,original,image/png,764.7,1280,720,https://copyposse.com/wp-content/uploads/2023/07/1-1-1.png
2023/07,2023-07-30T02:39:04,original,image/png,576.9,2000,909,https://copyposse.com/wp-content/uploads/2023/07/screencapture-web-archive-org-web-20071023195542-http-www-mindvalley-com-80-2021-03-19-13_44_21-copy.png
2023/07,2023-07-30T02:39:08,original,image/gif,1449.5,600,337,https://copyposse.com/wp-content/uploads/2023/07/alex-creative-director.gif
2023/07,2023-07-30T02:39:11,original,image/png,775.0,1280,720,https://copyposse.com/wp-content/uploads/2023/07/ztdkIkL2.png
2023/07,2023-07-30T02:39:33,original,image/gif,937.5,640,360,https://copyposse.com/wp-content/uploads/2023/07/About-Us-_-Mindvalley.gif
2023/07,2023-07-30T02:39:35,original,image/gif,4092.9,1280,720,https://copyposse.com/wp-content/uploads/2023/07/About-Us-_-Mindvalley-1.gif
2023/07,2023-07-30T02:39:40,original,video/mp4,2090.3,1280,720,https://copyposse.com/wp-content/uploads/2023/07/About-Us-_-Mindvalley.mp4
2023/07,2023-07-30T02:39:42,original,image/webp,501.5,1280,720,https://copyposse.com/wp-content/uploads/2023/07/Ep-98-Services.png
2023/07,2023-07-30T02:39:46,original,image/png,656.1,1280,720,https://copyposse.com/wp-content/uploads/2023/07/1-3.png
2023/07,2023-07-30T02:39:53,original,image/png,656.1,1280,720,https://copyposse.com/wp-content/uploads/2023/07/1-1-2.png
2023/07,2023-07-30T02:40:00,original,image/png,198.8,1280,720,https://copyposse.com/wp-content/uploads/2023/07/1-1-1-1.png
2023/07,2023-07-30T02:40:05,original,image/jpeg,106.6,1280,720,https://copyposse.com/wp-content/uploads/2023/07/1-1.jpg
2023/07,2023-07-30T02:40:09,original,image/png,297.0,2000,985,https://copyposse.com/wp-content/uploads/2023/07/Screen-Shot-2021-04-17-at-11.41.39-AM.png
2023/07,2023-07-30T02:40:13,original,image/png,1918.5,2000,986,https://copyposse.com/wp-content/uploads/2023/07/Screen-Shot-2021-04-17-at-11.46.22-AM.png
2023/07,2023-07-30T02:40:17,original,image/png,720.5,1280,720,https://copyposse.com/wp-content/uploads/2023/07/Ep-100-7-Figure-Secrets.png
2023/07,2023-07-30T02:40:24,original,image/png,703.1,1280,720,https://copyposse.com/wp-content/uploads/2023/07/1-2-1.png
2023/07,2023-07-30T02:40:38,original,image/gif,1153.4,480,274,https://copyposse.com/wp-content/uploads/2023/07/Magic-School-Bus.gif
2023/07,2023-07-30T02:40:41,original,image/webp,556.2,1280,720,https://copyposse.com/wp-content/uploads/2023/07/Ep-101-17-Terms.png
2023/07,2023-07-30T02:40:47,original,image/jpeg,140.3,1280,720,https://copyposse.com/wp-content/uploads/2023/07/1-2.jpg
2023/07,2023-07-30T02:40:54,original,image/png,272.2,489,654,https://copyposse.com/wp-content/uploads/2023/07/chrome_jkKgwLckZW-1.png
2023/07,2023-07-30T02:40:56,original,image/png,237.9,1169,1903,https://copyposse.com/wp-content/uploads/2023/07/Weclome-Indoc-1.png
2023/07,2023-07-30T02:41:00,original,image/jpeg,274.8,1170,1822,https://copyposse.com/wp-content/uploads/2023/07/IMG_7CC6D697B79D-1-2.jpeg
2023/07,2023-07-30T02:41:03,original,image/png,82.1,417,636,https://copyposse.com/wp-content/uploads/2023/07/ApplicationFrameHost_UsfjHAlM29.png
2023/07,2023-07-30T02:41:05,original,image/png,297.6,1169,1964,https://copyposse.com/wp-content/uploads/2023/07/Mad-value-Affiliate.png
2023/07,2023-07-30T02:41:08,original,image/jpeg,172.2,1169,1620,https://copyposse.com/wp-content/uploads/2023/07/6.-Re-engage-1.jpg
2023/07,2023-07-30T02:41:11,original,image/png,193.5,1170,1957,https://copyposse.com/wp-content/uploads/2023/07/Content-Email.png
2023/07,2023-07-30T02:41:15,original,image/png,639.9,1280,720,https://copyposse.com/wp-content/uploads/2023/07/Ep-103-1.png
2023/07,2023-07-30T02:41:21,original,image/jpeg,172.2,1169,1620,https://copyposse.com/wp-content/uploads/2023/07/6.-Re-engage.jpg
2023/07,2023-07-30T02:41:24,original,image/jpeg,157.3,924,2000,https://copyposse.com/wp-content/uploads/2023/07/IMG_7CC6D697B79D-1.jpeg
2023/07,2023-07-30T02:41:27,original,image/jpeg,274.8,1170,1822,https://copyposse.com/wp-content/uploads/2023/07/IMG_7CC6D697B79D-1-1.jpeg
2023/07,2023-07-30T02:41:30,original,image/png,363.6,490,829,https://copyposse.com/wp-content/uploads/2023/07/chrome_jkKgwLckZW.png
2023/07,2023-07-30T02:41:33,original,image/png,648.1,1280,720,https://copyposse.com/wp-content/uploads/2023/07/Ep-103.png
2023/07,2023-07-30T02:41:41,original,image/png,826.0,924,2000,https://copyposse.com/wp-content/uploads/2023/07/Weclome-Indoc.png
2023/07,2023-07-30T02:41:47,original,image/png,2039.0,2000,1122,https://copyposse.com/wp-content/uploads/2023/07/104-thumb.png
2023/07,2023-07-30T02:41:53,original,image/png,2039.0,2000,1122,https://copyposse.com/wp-content/uploads/2023/07/104-thumb-1.png
2023/07,2023-07-30T02:42:10,original,image/png,1717.0,2000,1499,https://copyposse.com/wp-content/uploads/2023/07/3-3.png
2023/07,2023-07-30T02:42:14,original,image/png,530.4,2000,1499,https://copyposse.com/wp-content/uploads/2023/07/Num_Ad.png
2023/07,2023-07-30T02:42:17,original,image/png,631.1,2000,1499,https://copyposse.com/wp-content/uploads/2023/07/DM_Ad5.png
2023/07,2023-07-30T02:42:23,original,image/png,879.8,2000,1499,https://copyposse.com/wp-content/uploads/2023/07/Larq-4.png
2023/07,2023-07-30T02:42:40,original,image/png,588.4,2000,1499,https://copyposse.com/wp-content/uploads/2023/07/Yoga-2.png
2023/07,2023-07-30T02:42:56,original,image/png,505.7,2000,1499,https://copyposse.com/wp-content/uploads/2023/07/Nike-3.png
2023/07,2023-07-30T02:43:00,original,image/png,640.4,2000,1499,https://copyposse.com/wp-content/uploads/2023/07/Susie_Ad-3.png
2023/07,2023-07-30T02:43:05,original,image/png,541.1,2000,1499,https://copyposse.com/wp-content/uploads/2023/07/BC_Ad-2.png
2023/07,2023-07-30T02:43:12,original,image/png,1681.4,2000,1499,https://copyposse.com/wp-content/uploads/2023/07/MBG-3.png
2023/07,2023-07-30T02:43:24,original,image/png,1602.1,2000,1499,https://copyposse.com/wp-content/uploads/2023/07/Alo-7.png
2023/07,2023-07-30T02:43:38,original,image/png,996.5,1280,720,https://copyposse.com/wp-content/uploads/2023/07/Thumb-Ep-105-How-To-Write-Ads.png
2023/07,2023-07-30T02:43:54,original,image/png,933.7,1534,858,https://copyposse.com/wp-content/uploads/2023/07/chrome_eqTN2eyvVT.png
2023/07,2023-07-30T02:44:04,original,image/png,1592.5,2000,1276,https://copyposse.com/wp-content/uploads/2023/07/ChronoType.png
2023/07,2023-07-30T02:44:16,original,image/png,977.7,2000,1414,https://copyposse.com/wp-content/uploads/2023/07/MV-Webinar.png
2023/07,2023-07-30T02:44:16,original,image/png,977.7,2000,1414,https://copyposse.com/wp-content/uploads/2023/07/MV-Webinar-1.png
2023/07,2023-07-30T02:44:37,original,image/png,238.8,1600,861,https://copyposse.com/wp-content/uploads/2023/07/Lunya.png
2023/07,2023-07-30T02:44:39,original,image/png,238.8,1600,861,https://copyposse.com/wp-content/uploads/2023/07/Lunya-1.png
2023/07,2023-07-30T02:44:46,original,image/png,722.1,1280,720,https://copyposse.com/wp-content/uploads/2023/07/Thumb-Ep-106-Lead-Magnet-Formula.png
2023/07,2023-07-30T02:44:50,original,image/png,722.1,1280,720,https://copyposse.com/wp-content/uploads/2023/07/Thumb-Ep-106-Lead-Magnet-Formula-1.png
2023/07,2023-07-30T02:49:05,original,image/png,22.3,499,265,https://copyposse.com/wp-content/uploads/2023/07/chrome_DidrrvlVTx.png
2023/07,2023-07-30T02:49:09,original,image/png,20.8,589,258,https://copyposse.com/wp-content/uploads/2023/07/chrome_tYr0zckF6U.png
2023/07,2023-07-30T02:49:12,original,image/png,29.8,607,360,https://copyposse.com/wp-content/uploads/2023/07/chrome_KWYZKo5oDc.png
2023/07,2023-07-30T02:49:14,original,image/png,50.3,918,377,https://copyposse.com/wp-content/uploads/2023/07/chrome_UB8SrcbJYB.png
2023/07,2023-07-30T02:49:17,original,image/png,910.3,1280,720,https://copyposse.com/wp-content/uploads/2023/07/YT-Thumbnail-Ep-107-Product-Descriptions.png
2023/07,2023-07-30T02:49:33,original,image/webp,334.5,1280,720,https://copyposse.com/wp-content/uploads/2023/07/YT-Thumbnail-Ep-108-Find-Clients.png
2023/07,2023-07-30T02:49:40,original,image/webp,483.6,1280,720,https://copyposse.com/wp-content/uploads/2023/07/YT-Thumbnail-Ep-109-4-Ways-to-Find-Clients.png
2023/07,2023-07-30T02:49:46,original,image/png,680.6,1280,720,https://copyposse.com/wp-content/uploads/2023/07/YT-Thumbnail-Ep-110-Jay-Clouse-Interview.png
2023/07,2023-07-30T02:49:57,original,image/png,635.1,1280,720,https://copyposse.com/wp-content/uploads/2023/07/YT-Thumbnail-Ep-111-Social-Media-Lead-Gen.png
2023/07,2023-07-30T02:50:07,original,image/png,859.9,750,750,https://copyposse.com/wp-content/uploads/2023/07/13lwh00JlpJiKgsYE0AvBug.png
2023/07,2023-07-30T02:50:13,original,image/png,859.2,750,750,https://copyposse.com/wp-content/uploads/2023/07/1i_pqrLCX468dx0kbgVWxWQ.png
2023/07,2023-07-30T02:50:24,original,image/png,212.2,655,469,https://copyposse.com/wp-content/uploads/2023/07/1_LMv8X1r7Q0mnUkSc27rQuQ.png
2023/07,2023-07-30T02:50:32,original,image/png,177.7,735,513,https://copyposse.com/wp-content/uploads/2023/07/19WarYlXd01I3eSsSpmp6ng.png
2023/07,2023-07-30T02:50:34,original,image/png,749.1,1000,633,https://copyposse.com/wp-content/uploads/2023/07/1aPDL-PVmY8byJ-n0zDIqNw.png
2023/07,2023-07-30T02:50:39,original,image/png,661.1,1000,644,https://copyposse.com/wp-content/uploads/2023/07/1z2r0dDR2rpOmFtP8rMJVdg.png
2023/07,2023-07-30T02:50:47,original,image/png,904.4,1000,638,https://copyposse.com/wp-content/uploads/2023/07/1LS4XGtdQxasXbC9w3GAomg.png
2023/07,2023-07-30T02:51:01,original,image/png,945.9,1280,720,https://copyposse.com/wp-content/uploads/2023/07/Getting-Ready-for-a-Night-Out.png
2023/07,2023-07-30T02:51:07,original,image/png,945.9,1280,720,https://copyposse.com/wp-content/uploads/2023/07/Getting-Ready-for-a-Night-Out-1.png
2023/07,2023-07-30T02:51:29,original,image/png,111.1,836,698,https://copyposse.com/wp-content/uploads/2023/07/chrome_r0cLAwVNoR.png
2023/07,2023-07-30T02:51:32,original,image/png,702.5,1280,720,https://copyposse.com/wp-content/uploads/2023/07/YT-Thumbnail-Ep-112-TV-and-Copywriting.png
2023/07,2023-07-30T02:51:50,original,image/png,146.1,988,1222,https://copyposse.com/wp-content/uploads/2023/07/Screen-Shot-2021-07-19-at-10.12.19-AM.png
2023/07,2023-07-30T02:51:54,original,image/png,146.1,988,1222,https://copyposse.com/wp-content/uploads/2023/07/unnamed.png
2023/07,2023-07-30T02:52:01,original,image/webp,369.9,1280,720,https://copyposse.com/wp-content/uploads/2023/07/YT-Thumbnail-Ep-113-Testimonials-2.png
2023/07,2023-07-30T02:52:08,original,image/png,824.6,1280,720,https://copyposse.com/wp-content/uploads/2023/07/1-4.png
2023/07,2023-07-30T02:52:19,original,image/png,1037.6,1280,720,https://copyposse.com/wp-content/uploads/2023/07/YT-Thumbnail-Ep-115-Boring-Products-1.png
2023/07,2023-07-30T02:52:42,original,image/jpeg,105.5,1280,720,https://copyposse.com/wp-content/uploads/2023/07/1-3.jpg
2023/07,2023-07-30T02:52:49,original,image/webp,432.2,1280,720,https://copyposse.com/wp-content/uploads/2023/07/freelancing-tips.png
2023/07,2023-07-30T02:52:57,original,image/jpeg,29.7,1448,344,https://copyposse.com/wp-content/uploads/2023/07/Image-from-iOS-1.jpg
2023/07,2023-07-30T02:52:59,original,image/jpeg,19.2,1314,238,https://copyposse.com/wp-content/uploads/2023/07/Image-from-iOS.jpg
2023/07,2023-07-30T02:53:01,original,image/webp,324.0,1280,720,https://copyposse.com/wp-content/uploads/2023/07/YT-Thumbnail-Ep-118-Onboarding-Clients.png
2023/07,2023-07-30T02:53:06,original,image/png,831.1,1280,720,https://copyposse.com/wp-content/uploads/2023/07/1-5.png
2023/07,2023-07-30T02:53:22,original,image/png,616.3,1280,720,https://copyposse.com/wp-content/uploads/2023/07/seo-copywriting.png
2023/07,2023-07-30T02:53:33,original,image/webp,444.7,1280,720,https://copyposse.com/wp-content/uploads/2023/07/how-to-fire-a-client.png
2023/07,2023-07-30T02:53:48,original,image/png,107.5,1385,796,https://copyposse.com/wp-content/uploads/2023/07/YYruwvb1Ku.png
2023/07,2023-07-30T02:53:50,original,image/png,294.2,1371,719,https://copyposse.com/wp-content/uploads/2023/07/FR8kHeDTo8.png
2023/07,2023-07-30T02:53:55,original,image/png,122.7,1376,708,https://copyposse.com/wp-content/uploads/2023/07/emxezcbEy4.png
2023/07,2023-07-30T02:54:02,original,image/png,851.7,1280,720,https://copyposse.com/wp-content/uploads/2023/07/YT-Thumbnail-Ep-122-Irresistible-Portfolio-1.png
2023/07,2023-07-30T02:54:13,original,image/gif,105.3,1413,846,https://copyposse.com/wp-content/uploads/2023/07/wQH9SlNGLh.gif
2023/07,2023-07-30T02:54:18,original,video/mp4,1162.2,1280,720,https://copyposse.com/wp-content/uploads/2023/07/5.-Sales-Page-The-Better-Beauty-Box-Google-Docs.mp4
2023/07,2023-07-30T02:54:24,original,image/png,779.0,1280,720,https://copyposse.com/wp-content/uploads/2023/07/YT-Thumbnail-Ep-123-Travel-Productivity-1.png
2023/07,2023-07-30T02:54:38,original,image/png,855.0,1280,720,https://copyposse.com/wp-content/uploads/2023/07/YT-Thumbnail-Ep-124-Email-Myths.png
2023/07,2023-07-30T02:54:55,original,image/png,897.2,1219,767,https://copyposse.com/wp-content/uploads/2023/07/chrome_54Bg7hZXnX.png
2023/07,2023-07-30T02:55:01,original,image/png,243.5,1142,819,https://copyposse.com/wp-content/uploads/2023/07/chrome_6or9ZJ1cxp.png
2023/07,2023-07-30T02:55:14,original,image/png,835.5,1280,720,https://copyposse.com/wp-content/uploads/2023/07/YT-Thumbnail-Ep-125-Copywriting-Practice.png
2023/07,2023-07-30T02:55:23,original,image/gif,8366.2,1292,815,https://copyposse.com/wp-content/uploads/2023/07/CY3WJREHv8.gif
2023/07,2023-07-30T02:55:33,original,image/gif,8366.2,1292,815,https://copyposse.com/wp-content/uploads/2023/07/CY3WJREHv8-1.gif
2023/07,2023-07-30T02:55:48,original,image/png,1200.8,1587,838,https://copyposse.com/wp-content/uploads/2023/07/chrome_ufkgL14Pai.png
2023/07,2023-07-30T02:55:53,original,image/png,264.5,1063,679,https://copyposse.com/wp-content/uploads/2023/07/chrome_F6g5KIS5s3.png
2023/07,2023-07-30T02:56:00,original,image/png,18.8,512,31,https://copyposse.com/wp-content/uploads/2023/07/unnamed-1.png
2023/07,2023-07-30T02:56:03,original,image/png,138.2,512,512,https://copyposse.com/wp-content/uploads/2023/07/1-6.png
2023/07,2023-07-30T02:56:05,original,image/png,124.0,512,512,https://copyposse.com/wp-content/uploads/2023/07/2.png
2023/07,2023-07-30T02:56:07,original,image/png,166.5,512,512,https://copyposse.com/wp-content/uploads/2023/07/3-4.png
2023/07,2023-07-30T02:56:09,original,image/png,148.7,504,512,https://copyposse.com/wp-content/uploads/2023/07/4.png
2023/07,2023-07-30T02:56:12,original,image/png,118.5,512,512,https://copyposse.com/wp-content/uploads/2023/07/5.png
2023/07,2023-07-30T02:56:14,original,image/png,137.2,512,512,https://copyposse.com/wp-content/uploads/2023/07/6.png
2023/07,2023-07-30T02:56:19,original,image/png,720.6,1280,720,https://copyposse.com/wp-content/uploads/2023/07/YT-Thumbnail-Ep-126-Copy-Critique.png
2023/07,2023-07-30T02:56:31,original,image/png,827.0,1280,720,https://copyposse.com/wp-content/uploads/2023/07/YT-Thumbnail-Ep-127-Line-vs-Copy-Editing.png
2023/07,2023-07-30T02:56:53,original,image/png,659.8,1280,720,https://copyposse.com/wp-content/uploads/2023/07/YT-Thumbnail-Ep-128-Memorable-Slogans.png
2023/07,2023-07-30T02:57:02,original,image/png,1030.0,1280,720,https://copyposse.com/wp-content/uploads/2023/07/content-marketing-strategy.png
2023/07,2023-07-30T02:57:35,original,image/png,743.6,1280,720,https://copyposse.com/wp-content/uploads/2023/07/YT-Thumbnail-Ep-130-Biggest-Lessons.png
2023/07,2023-07-30T02:58:00,original,image/png,868.6,1280,720,https://copyposse.com/wp-content/uploads/2023/07/YT-Thumbnail-Ep-131-Make-6-Figs.png
2023/07,2023-07-30T02:58:18,original,image/webp,596.1,1280,720,https://copyposse.com/wp-content/uploads/2023/07/YT-Thumbnail-Ep-132-Jenny-Interview.png
2023/07,2023-07-30T02:58:25,original,image/png,1143.7,1280,720,https://copyposse.com/wp-content/uploads/2023/07/YT-Thumbnail-Ep-133-Marketing-Trends-2022.png
2023/07,2023-07-30T02:58:40,original,image/png,129.3,328,488,https://copyposse.com/wp-content/uploads/2023/07/LJF5Ds3u.png
2023/07,2023-07-30T02:58:46,original,image/jpeg,239.1,1080,1080,https://copyposse.com/wp-content/uploads/2023/07/1-4.jpg
2023/07,2023-07-30T02:58:50,original,image/jpeg,275.3,1080,1080,https://copyposse.com/wp-content/uploads/2023/07/2.jpg
2023/07,2023-07-30T02:58:53,original,image/jpeg,234.2,1080,1080,https://copyposse.com/wp-content/uploads/2023/07/3.jpg
2023/07,2023-07-30T02:58:58,original,image/jpeg,206.3,1080,1080,https://copyposse.com/wp-content/uploads/2023/07/4.jpg
2023/07,2023-07-30T02:59:05,original,image/jpeg,239.0,1080,1080,https://copyposse.com/wp-content/uploads/2023/07/5.jpg
2023/07,2023-07-30T02:59:08,original,image/png,1083.3,1280,720,https://copyposse.com/wp-content/uploads/2023/07/YT-Thumbnail-Ep-134-Headline-Critque.png
2023/07,2023-07-30T02:59:31,original,image/png,581.7,1280,720,https://copyposse.com/wp-content/uploads/2023/07/YT-Thumbnail-Ep-135-Power-Words.png
2023/07,2023-07-30T02:59:41,original,image/jpeg,50.6,957,591,https://copyposse.com/wp-content/uploads/2023/07/image-asset.jpeg
2023/07,2023-07-30T02:59:44,original,image/png,958.3,1280,720,https://copyposse.com/wp-content/uploads/2023/07/YT-Thumbnail-Ep-136-Hemingway.png
2023/07,2023-07-30T03:00:00,original,image/jpeg,63.5,957,591,https://copyposse.com/wp-content/uploads/2023/07/SytsLBd.jpeg
2023/07,2023-07-30T03:00:13,original,image/jpeg,64.2,360,448,https://copyposse.com/wp-content/uploads/2023/07/helen_resor.jpeg
2023/07,2023-07-30T03:00:16,original,image/jpeg,15.0,267,321,https://copyposse.com/wp-content/uploads/2023/07/1963_Caroline_400-1-e1490382644691.jpeg
2023/07,2023-07-30T03:00:18,original,image/jpeg,8.3,257,387,https://copyposse.com/wp-content/uploads/2023/07/Margaret_Fishback.jpeg
2023/07,2023-07-30T03:00:20,original,image/jpeg,204.2,1079,1288,https://copyposse.com/wp-content/uploads/2023/07/Lillian_Eichler_Watson-1.jpg
2023/07,2023-07-30T03:00:24,original,image/png,1540.6,910,1246,https://copyposse.com/wp-content/uploads/2023/07/Screen-Shot-2022-02-13-at-12.30.20-PM.png
2023/07,2023-07-30T03:00:47,original,image/jpeg,40.8,267,304,https://copyposse.com/wp-content/uploads/2023/07/1949_Phyllis_267.jpeg
2023/07,2023-07-30T03:00:50,original,image/png,889.3,1280,720,https://copyposse.com/wp-content/uploads/2023/07/YT-Thumbnail-Ep-137-Iconic-Women-Pt-1-1.png
2023/07,2023-07-30T03:01:09,original,image/jpeg,144.7,1080,1600,https://copyposse.com/wp-content/uploads/2023/07/Lillian_Eichler_Watson.jpg
2023/07,2023-07-30T03:01:13,original,image/png,792.2,1280,720,https://copyposse.com/wp-content/uploads/2023/07/YT-Thumbnail-Ep-137-Iconic-Women-Pt-1.png
2023/07,2023-07-30T03:01:15,original,image/png,792.2,1280,720,https://copyposse.com/wp-content/uploads/2023/07/YT-Thumbnail-Ep-137-Iconic-Women-Pt-1-2.png
2023/07,2023-07-30T03:01:46,original,image/jpeg,275.7,1283,1765,https://copyposse.com/wp-content/uploads/2023/07/Barbara-Proctor-1.jpeg
2023/07,2023-07-30T03:01:49,original,image/jpeg,11.8,220,296,https://copyposse.com/wp-content/uploads/2023/07/220px-Helen_Gurley_Brown_1964.jpeg
2023/07,2023-07-30T03:01:51,original,image/jpeg,6.2,157,198,https://copyposse.com/wp-content/uploads/2023/07/ac409f7e217f758522b8beefc312f013.jpeg
2023/07,2023-07-30T03:01:53,original,image/png,52.3,304,284,https://copyposse.com/wp-content/uploads/2023/07/f-gerety.png
2023/07,2023-07-30T03:01:55,original,image/jpeg,11.8,300,300,https://copyposse.com/wp-content/uploads/2023/07/11368077-book-contributor.jpeg
2023/07,2023-07-30T03:01:58,original,image/png,218.3,512,389,https://copyposse.com/wp-content/uploads/2023/07/unnamed-2.png
2023/07,2023-07-30T03:02:03,original,image/jpeg,23.2,313,400,https://copyposse.com/wp-content/uploads/2023/07/1969_Wells_Rich_Greene_File_Photo_of_Mary_Wells_Lawrence_at_her_desk.jpeg
2023/07,2023-07-30T03:02:07,original,image/png,768.3,1280,720,https://copyposse.com/wp-content/uploads/2023/07/YT-Thumbnail-Ep-138-Iconic-Women-Pt-2.png
2023/07,2023-07-30T03:02:16,original,image/jpeg,143.6,1284,2048,https://copyposse.com/wp-content/uploads/2023/07/Barbara-Proctor.jpeg
2023/07,2023-07-30T03:02:21,original,image/png,932.8,1280,720,https://copyposse.com/wp-content/uploads/2023/07/YT-Thumbnail-Ep-139-CTAs.png
2023/07,2023-07-30T03:02:46,original,image/webp,513.6,1280,720,https://copyposse.com/wp-content/uploads/2023/07/YT-Thumbnail-Ep-140-Selena-Soo-Interview.png
2023/07,2023-07-30T03:02:51,original,image/png,480.3,1904,858,https://copyposse.com/wp-content/uploads/2023/07/chrome_XvMsa11xBj.png
2023/07,2023-07-30T03:03:04,original,image/gif,1182.5,1455,779,https://copyposse.com/wp-content/uploads/2023/07/chrome_uyj8u97W8m-1.gif
2023/07,2023-07-30T03:03:08,original,image/png,29.7,1208,542,https://copyposse.com/wp-content/uploads/2023/07/chrome_3bOgzD8zeS.png
2023/07,2023-07-30T03:03:11,original,image/png,685.4,1831,829,https://copyposse.com/wp-content/uploads/2023/07/chrome_d876A7O8ay.png
2023/07,2023-07-30T03:03:15,original,image/png,696.2,1280,720,https://copyposse.com/wp-content/uploads/2023/07/YT-Thumbnail-Ep-141-Market-Research.png
2023/07,2023-07-30T03:03:23,original,image/gif,1182.5,1455,779,https://copyposse.com/wp-content/uploads/2023/07/chrome_uyj8u97W8m.gif
2023/07,2023-07-30T03:03:32,original,image/png,880.1,1069,841,https://copyposse.com/wp-content/uploads/2023/07/Plagiarism-Examples.png
2023/07,2023-07-30T03:03:38,original,image/png,1530.1,1620,1620,https://copyposse.com/wp-content/uploads/2023/07/Plagiarism-Examples-4.png
2023/07,2023-07-30T03:03:53,original,image/png,1147.0,1620,1620,https://copyposse.com/wp-content/uploads/2023/07/Plagiarism-Examples-3.png
2023/07,2023-07-30T03:04:00,original,image/png,1072.7,1620,1620,https://copyposse.com/wp-content/uploads/2023/07/Plagiarism-Examples-1-1.png
2023/07,2023-07-30T03:04:16,original,image/png,1053.7,1620,1620,https://copyposse.com/wp-content/uploads/2023/07/Plagiarism-Examples-2.png
2023/07,2023-07-30T03:04:27,original,image/png,1287.3,1620,1620,https://copyposse.com/wp-content/uploads/2023/07/Plagiarism-Examples-1.png
2023/07,2023-07-30T03:04:34,original,image/png,1287.3,1620,1620,https://copyposse.com/wp-content/uploads/2023/07/Plagiarism-Examples-1-2.png
2023/07,2023-07-30T03:04:38,original,image/png,1125.9,1620,1620,https://copyposse.com/wp-content/uploads/2023/07/Plagiarism-Examples-1-2-1.png
2023/07,2023-07-30T03:04:41,original,image/png,1125.9,1620,1620,https://copyposse.com/wp-content/uploads/2023/07/Plagiarism-Examples-1-2-2.png
2023/07,2023-07-30T03:04:50,original,image/png,563.9,1080,1080,https://copyposse.com/wp-content/uploads/2023/07/Plagiarism-Examples-6.png
2023/07,2023-07-30T03:04:56,original,image/png,563.9,1080,1080,https://copyposse.com/wp-content/uploads/2023/07/Plagiarism-Examples-6-1.png
2023/07,2023-07-30T03:04:56,original,image/jpeg,148.6,1000,667,https://copyposse.com/wp-content/uploads/2023/07/20110112-KM-Showcase-Obama.jpeg
2023/07,2023-07-30T03:05:01,original,image/png,974.6,1280,720,https://copyposse.com/wp-content/uploads/2023/07/YT-Thumbnail-Ep-142-Inspo-vs-Plagiarism-2.png
2023/07,2023-07-30T03:05:02,original,image/png,974.6,1280,720,https://copyposse.com/wp-content/uploads/2023/07/YT-Thumbnail-Ep-142-Inspo-vs-Plagiarism-2-1.png
2023/07,2023-07-30T03:05:19,original,image/jpeg,219.0,924,2000,https://copyposse.com/wp-content/uploads/2023/07/IMG_9828.jpg
2023/07,2023-07-30T03:05:22,original,image/jpeg,219.0,924,2000,https://copyposse.com/wp-content/uploads/2023/07/IMG_9828-1.jpg
2023/07,2023-07-30T03:05:23,original,image/jpeg,178.9,924,2000,https://copyposse.com/wp-content/uploads/2023/07/IMG_9827.jpg
2023/07,2023-07-30T03:05:26,original,image/jpeg,187.0,924,2000,https://copyposse.com/wp-content/uploads/2023/07/IMG_3656.jpg
2023/07,2023-07-30T03:05:29,original,image/jpeg,215.7,924,2000,https://copyposse.com/wp-content/uploads/2023/07/IMG_3649.jpg
2023/07,2023-07-30T03:05:35,original,image/png,584.8,1080,1080,https://copyposse.com/wp-content/uploads/2023/07/Plagiarism-Examples-5.png
2023/07,2023-07-30T03:05:41,original,image/png,589.2,1080,1080,https://copyposse.com/wp-content/uploads/2023/07/Plagiarism-Examples-7.png
2023/07,2023-07-30T03:05:45,original,image/png,589.2,1080,1080,https://copyposse.com/wp-content/uploads/2023/07/Plagiarism-Examples-7-1.png
2023/07,2023-07-30T03:05:48,original,image/png,960.1,1280,720,https://copyposse.com/wp-content/uploads/2023/07/YT-Thumbnail-Ep-142-Inspo-vs-Plagiarism.png
2023/07,2023-07-30T03:05:54,original,image/png,960.1,1280,720,https://copyposse.com/wp-content/uploads/2023/07/YT-Thumbnail-Ep-142-Inspo-vs-Plagiarism-1.png
2023/07,2023-07-30T03:06:42,original,image/png,976.6,1280,720,https://copyposse.com/wp-content/uploads/2023/07/YT-Thumbnail-Ep-142-Inspo-vs-Plagiarism-1-1.png
2023/07,2023-07-30T03:06:50,original,image/png,976.6,1280,720,https://copyposse.com/wp-content/uploads/2023/07/YT-Thumbnail-Ep-142-Inspo-vs-Plagiarism-1-2.png
2023/07,2023-07-30T15:30:52,original,image/png,696.3,1280,720,https://copyposse.com/wp-content/uploads/2023/07/YT-Thumbnail-Ep-143-Marketing-Funnel.png
2023/07,2023-07-30T15:30:56,original,image/gif,22.1,480,480,https://copyposse.com/wp-content/uploads/2023/07/giphy-7.gif
2023/07,2023-07-30T15:31:05,original,image/gif,901.6,245,180,https://copyposse.com/wp-content/uploads/2023/07/giphy-7-1.gif
2023/07,2023-07-30T15:31:07,original,image/gif,1277.7,480,360,https://copyposse.com/wp-content/uploads/2023/07/giphy-8.gif
2023/07,2023-07-30T15:31:09,original,image/gif,908.7,245,162,https://copyposse.com/wp-content/uploads/2023/07/giphy-9.gif
2023/07,2023-07-30T15:31:11,original,image/gif,971.4,500,228,https://copyposse.com/wp-content/uploads/2023/07/giphy-10.gif
2023/07,2023-07-30T15:31:13,original,image/gif,2046.9,540,400,https://copyposse.com/wp-content/uploads/2023/07/tumblr_o9oxaykgnd1qmxmrao1_540.gif
2023/07,2023-07-30T15:31:14,original,image/gif,1134.3,500,250,https://copyposse.com/wp-content/uploads/2023/07/giphy-11.gif
2023/07,2023-07-30T15:31:16,original,image/gif,590.6,245,190,https://copyposse.com/wp-content/uploads/2023/07/giphy-12.gif
2023/07,2023-07-30T15:31:18,original,image/gif,3028.8,480,360,https://copyposse.com/wp-content/uploads/2023/07/giphy-13.gif
2023/07,2023-07-30T15:31:20,original,image/gif,953.2,426,240,https://copyposse.com/wp-content/uploads/2023/07/giphy-14.gif
2023/07,2023-07-30T15:31:22,original,image/gif,1372.3,480,352,https://copyposse.com/wp-content/uploads/2023/07/giphy-15.gif
2023/07,2023-07-30T15:31:24,original,image/png,921.7,1280,720,https://copyposse.com/wp-content/uploads/2023/07/YT-Thumbnail-Ep-144-TV-Writers.png
2023/07,2023-07-30T15:31:41,original,image/webp,508.4,1280,720,https://copyposse.com/wp-content/uploads/2023/07/YT-Thumbnail-Ep-145-Shawn-Ting.png
2023/07,2023-07-30T15:31:45,original,image/webp,480.3,1280,720,https://copyposse.com/wp-content/uploads/2023/07/YT-Thumbnail-Ep-146-Case-Studies.png
2023/07,2023-07-30T15:31:53,original,image/png,1121.3,1391,782,https://copyposse.com/wp-content/uploads/2023/07/chrome_hsizeqHCIX.png
2023/07,2023-07-30T15:32:06,original,image/png,560.2,1250,768,https://copyposse.com/wp-content/uploads/2023/07/chrome_GS3c8Cj4WJ.png
2023/07,2023-07-30T15:32:14,original,image/png,493.0,1052,806,https://copyposse.com/wp-content/uploads/2023/07/chrome_XB9PcS7y7j.png
2023/07,2023-07-30T15:32:18,original,image/png,421.5,904,605,https://copyposse.com/wp-content/uploads/2023/07/chrome_Ys88jTpO0R-e1653498337748.png
2023/07,2023-07-30T15:32:26,original,image/png,229.2,700,601,https://copyposse.com/wp-content/uploads/2023/07/chrome_3qniNhtB4h.png
2023/07,2023-07-30T15:32:30,original,image/png,563.7,931,625,https://copyposse.com/wp-content/uploads/2023/07/chrome_xDF3oMwMpg.png
2023/07,2023-07-30T15:32:41,original,image/webp,497.9,1280,720,https://copyposse.com/wp-content/uploads/2023/07/YT-Thumbnail-Ep-147-Content-Repurposing.png
2023/07,2023-07-30T15:32:44,original,image/png,31.2,625,579,https://copyposse.com/wp-content/uploads/2023/07/chrome_GM2EvZKKAX.png
2023/07,2023-07-30T15:32:51,original,image/png,925.3,1280,720,https://copyposse.com/wp-content/uploads/2023/07/YT-Thumbnail-Ep-148-Brand-Voice.png
2023/07,2023-07-30T15:33:18,original,image/png,909.4,1280,720,https://copyposse.com/wp-content/uploads/2023/07/YT-Thumbnail-Ep-150-Conversions-2.png
2023/07,2023-07-30T15:33:27,original,image/png,829.6,1280,720,https://copyposse.com/wp-content/uploads/2023/07/1-7.png
2023/07,2023-07-30T15:33:37,original,image/png,631.7,1280,720,https://copyposse.com/wp-content/uploads/2023/07/YT-Thumbnail-Ep-151-Start-Over.png
2023/07,2023-07-30T15:33:43,original,image/png,835.4,1280,720,https://copyposse.com/wp-content/uploads/2023/07/YT-Thumbnail-Ep-152-5-Questions-1.png
2023/07,2023-07-30T15:33:59,original,image/png,858.1,1280,720,https://copyposse.com/wp-content/uploads/2023/07/YT-Thumbnail-Ep-152-5-Questions.png
2023/07,2023-07-30T15:34:23,original,image/png,130.2,1394,566,https://copyposse.com/wp-content/uploads/2023/07/emoji.png
2023/07,2023-07-30T15:34:25,original,image/png,902.2,1280,720,https://copyposse.com/wp-content/uploads/2023/07/YT-Thumbnail-Ep-153-Emojis.png
2023/07,2023-07-30T15:34:52,original,image/png,491.9,1280,720,https://copyposse.com/wp-content/uploads/2023/07/YT-Thumbnail-Ep-154-Conversion-Triggers.png
2023/07,2023-07-30T15:35:09,original,image/png,863.2,1280,720,https://copyposse.com/wp-content/uploads/2023/07/YT-Thumbnail-Ep-155-TikTok.png
2023/07,2023-07-30T15:35:33,original,image/webp,37.1,600,978,https://copyposse.com/wp-content/uploads/2023/07/unnamed-1.jpg
2023/07,2023-07-30T15:35:34,original,image/webp,848.8,1280,720,https://copyposse.com/wp-content/uploads/2023/07/Blog-Thumbnail-Sean-Kivi-Case-Study.png
2023/07,2023-07-30T15:35:37,original,image/png,1260.2,1280,720,https://copyposse.com/wp-content/uploads/2023/07/Blog-Thumbnail-Sean-Kivi-Case-Study-1.png
2023/07,2023-07-30T15:35:53,original,image/png,818.1,1280,720,https://copyposse.com/wp-content/uploads/2023/07/sell-without-selling.png
2023/07,2023-07-30T15:36:03,original,image/webp,516.2,1280,720,https://copyposse.com/wp-content/uploads/2023/07/YT-Thumbnail-Ep-157-VSL-1.png
2023/07,2023-07-30T15:36:17,original,image/png,21.9,484,75,https://copyposse.com/wp-content/uploads/2023/07/unnamed-1-1.png
2023/07,2023-07-30T15:36:21,original,image/webp,346.0,1280,720,https://copyposse.com/wp-content/uploads/2023/07/YT-Thumbnail-Ep-158-Green-Flags.png
2023/07,2023-07-30T15:36:30,original,image/png,940.2,1280,720,https://copyposse.com/wp-content/uploads/2023/07/159.png
2023/07,2023-07-30T15:36:51,original,image/png,968.5,1280,720,https://copyposse.com/wp-content/uploads/2023/07/YT-Thumbnail-Ep-159-AI-Tools.png
2023/07,2023-07-30T15:37:07,original,image/webp,532.3,1280,720,https://copyposse.com/wp-content/uploads/2023/07/YT-Thumbnail-Ep160-Cold-Outreach-Interview-Stefan-Georgi.png
2023/07,2023-07-30T15:37:15,original,image/webp,157.3,400,560,https://copyposse.com/wp-content/uploads/2023/07/Disney-Ad.png
2023/07,2023-07-30T15:37:18,original,image/webp,117.8,511,512,https://copyposse.com/wp-content/uploads/2023/07/1-8.png
2023/07,2023-07-30T15:37:21,original,image/webp,121.8,512,512,https://copyposse.com/wp-content/uploads/2023/07/2-1.png
2023/07,2023-07-30T15:37:24,original,image/webp,104.5,510,512,https://copyposse.com/wp-content/uploads/2023/07/3-5.png
2023/07,2023-07-30T15:37:26,original,image/webp,115.2,512,510,https://copyposse.com/wp-content/uploads/2023/07/4-1.png
2023/07,2023-07-30T15:37:28,original,image/webp,120.8,512,511,https://copyposse.com/wp-content/uploads/2023/07/5-1.png
2023/07,2023-07-30T15:37:30,original,image/webp,106.0,512,512,https://copyposse.com/wp-content/uploads/2023/07/6-1.png
2023/07,2023-07-30T15:37:32,original,image/png,963.4,1280,720,https://copyposse.com/wp-content/uploads/2023/07/YT-Thumbnail-Ep-161-Live-Ad-Copy-Critique.png
2023/07,2023-07-30T15:37:47,original,image/jpeg,72.2,1067,1600,https://copyposse.com/wp-content/uploads/2023/07/61Yv9qjECEL.jpg
2023/07,2023-07-30T15:37:49,original,image/jpeg,200.3,1333,2000,https://copyposse.com/wp-content/uploads/2023/07/819Qua9b1jL.jpg
2023/07,2023-07-30T15:37:55,original,image/webp,15.8,325,500,https://copyposse.com/wp-content/uploads/2023/07/41CHM4kMJaL.jpg
2023/07,2023-07-30T15:37:57,original,image/jpeg,114.1,814,1250,https://copyposse.com/wp-content/uploads/2023/07/61OsM7jYsRL.jpg
2023/07,2023-07-30T15:38:02,original,image/webp,22.1,403,600,https://copyposse.com/wp-content/uploads/2023/07/e909b0c2fa732a1d772fb7531dfb6ea8e1878644-00-00.jpeg
2023/07,2023-07-30T15:38:05,original,image/webp,460.1,1280,720,https://copyposse.com/wp-content/uploads/2023/07/YT-Thumbnail-Ep-162-Storytelling-Book-Recommendations.png
2023/07,2023-07-30T15:38:12,original,image/jpeg,416.3,1200,800,https://copyposse.com/wp-content/uploads/2023/07/UnderArmour_IWillWhatIWantBraCampaign15.jpg
2023/07,2023-07-30T15:38:14,original,image/jpeg,35.4,480,720,https://copyposse.com/wp-content/uploads/2023/07/contributors_812.width-1280.jpg
2023/07,2023-07-30T15:38:16,original,image/png,124.9,506,512,https://copyposse.com/wp-content/uploads/2023/07/unnamed-3.png
2023/07,2023-07-30T15:38:19,original,image/png,736.9,1280,720,https://copyposse.com/wp-content/uploads/2023/07/YT-Thumbnail-Ep-163-Modern-Marketers.png
2023/07,2023-07-30T15:38:39,original,image/png,145.4,512,201,https://copyposse.com/wp-content/uploads/2023/07/need-essentials.png
2023/07,2023-07-30T15:38:49,original,image/webp,331.8,1280,720,https://copyposse.com/wp-content/uploads/2023/07/YT-Thumbnail-Ep-164-Linkedin-Tips.png
2023/07,2023-07-30T15:39:00,original,image/png,117.6,512,378,https://copyposse.com/wp-content/uploads/2023/07/num.png
2023/07,2023-07-30T15:39:02,original,image/png,39.1,512,204,https://copyposse.com/wp-content/uploads/2023/07/rw.png
2023/07,2023-07-30T15:39:06,original,image/png,45.4,512,158,https://copyposse.com/wp-content/uploads/2023/07/mv-1.png
2023/07,2023-07-30T15:39:07,original,image/png,179.2,443,512,https://copyposse.com/wp-content/uploads/2023/07/organifi.png
2023/07,2023-07-30T15:39:10,original,image/png,188.5,392,512,https://copyposse.com/wp-content/uploads/2023/07/algaecal.png
2023/07,2023-07-30T15:39:15,original,image/png,250.0,386,512,https://copyposse.com/wp-content/uploads/2023/07/ADT.png
2023/07,2023-07-30T15:39:22,original,image/png,159.0,374,512,https://copyposse.com/wp-content/uploads/2023/07/organiz.png
2023/07,2023-07-30T15:39:24,original,image/png,88.3,401,512,https://copyposse.com/wp-content/uploads/2023/07/mv-2.png
2023/07,2023-07-30T15:39:28,original,image/png,901.2,1280,720,https://copyposse.com/wp-content/uploads/2023/07/copywriting-tips-sales-page.png
2023/07,2023-07-30T15:39:47,original,image/png,59.7,1231,1024,https://copyposse.com/wp-content/uploads/2023/07/1231px-Dunning–Kruger_Effect_01.svg.png
2023/07,2023-07-30T15:39:50,original,image/jpeg,108.2,1280,720,https://copyposse.com/wp-content/uploads/2023/07/YT-Thumbnail-Ep-166-Dunning-Kruger.jpg
2023/07,2023-07-30T15:40:01,original,image/png,1064.5,1280,720,https://copyposse.com/wp-content/uploads/2023/07/YT-Thumbnail-Ep-167-Austin-Disel-Interview.png
2023/07,2023-07-30T15:40:13,original,image/png,951.4,1280,720,https://copyposse.com/wp-content/uploads/2023/07/YT-Thumbnail-Ep-168-Stop-Marketing.png
2023/07,2023-07-30T15:40:33,original,text/plain,22.9,,,https://copyposse.com/wp-content/uploads/2023/07/Ep-168_StopSpendingMoney_YT_071122.srt
2023/07,2023-07-30T15:40:41,original,image/jpeg,89.6,1280,720,https://copyposse.com/wp-content/uploads/2023/07/YT-Thumbnail-Ep-169-Social-Selling.jpg
2023/07,2023-07-30T15:40:47,original,image/png,1266.9,1910,1244,https://copyposse.com/wp-content/uploads/2023/07/4-2.png
2023/07,2023-07-30T15:40:59,original,image/png,1381.1,1390,1240,https://copyposse.com/wp-content/uploads/2023/07/1-9.png
2023/07,2023-07-30T15:41:14,original,image/png,1523.7,1918,1250,https://copyposse.com/wp-content/uploads/2023/07/3-6.png
2023/07,2023-07-30T15:41:25,original,image/png,2384.2,1896,1236,https://copyposse.com/wp-content/uploads/2023/07/2-2.png
2023/07,2023-07-30T15:41:46,original,image/png,2828.6,1672,1230,https://copyposse.com/wp-content/uploads/2023/07/Teaser.png
2023/07,2023-07-30T15:41:47,original,image/png,2828.6,1672,1230,https://copyposse.com/wp-content/uploads/2023/07/Teaser-1.png
2023/07,2023-07-30T15:42:18,original,image/png,160.0,1545,1475,https://copyposse.com/wp-content/uploads/2023/07/BVG-2022-Reporting-e1669099363684.png
2023/07,2023-07-30T15:42:19,original,image/png,160.0,1545,1475,https://copyposse.com/wp-content/uploads/2023/07/BVG-2022-Reporting-e1669099363684-1.png
2023/07,2023-07-30T15:42:23,original,image/png,854.8,1280,720,https://copyposse.com/wp-content/uploads/2023/07/YT-Thumbnail-Ep-170-Product-Launch.png
2023/07,2023-07-30T15:42:26,original,image/png,854.8,1280,720,https://copyposse.com/wp-content/uploads/2023/07/YT-Thumbnail-Ep-170-Product-Launch-1.png
2023/07,2023-07-30T15:45:43,original,image/webp,495.7,1280,720,https://copyposse.com/wp-content/uploads/2023/07/YT-Thumbnail-Ep-171-Flow-with-Steven-Kotler.png
2023/07,2023-07-30T15:46:01,original,image/png,306.3,698,940,https://copyposse.com/wp-content/uploads/2023/07/unnamed-1-2.png
2023/07,2023-07-30T15:46:06,original,image/png,161.8,1600,627,https://copyposse.com/wp-content/uploads/2023/07/unnamed-2-1.png
2023/07,2023-07-30T15:46:12,original,image/png,841.6,1600,747,https://copyposse.com/wp-content/uploads/2023/07/unnamed-3-1.png
2023/07,2023-07-30T15:46:16,original,image/png,1396.4,1280,720,https://copyposse.com/wp-content/uploads/2023/07/YT-Thumbnail-Ep-172-Selling-Tips.png
2023/07,2023-07-30T15:46:32,original,image/jpeg,59.7,1080,1080,https://copyposse.com/wp-content/uploads/2023/07/4-1.jpg
2023/07,2023-07-30T15:46:35,original,image/png,348.2,1080,1080,https://copyposse.com/wp-content/uploads/2023/07/3-7.png
2023/07,2023-07-30T15:46:46,original,image/png,335.1,1080,1080,https://copyposse.com/wp-content/uploads/2023/07/4-3.png
2023/07,2023-07-30T15:46:54,original,image/png,305.9,1080,1080,https://copyposse.com/wp-content/uploads/2023/07/5-2.png
2023/07,2023-07-30T15:47:09,original,image/png,338.5,1080,1080,https://copyposse.com/wp-content/uploads/2023/07/6-2.png
2023/07,2023-07-30T15:47:21,original,image/png,336.9,1080,1080,https://copyposse.com/wp-content/uploads/2023/07/7.png
2023/07,2023-07-30T15:47:36,original,image/png,336.9,1080,1080,https://copyposse.com/wp-content/uploads/2023/07/7-1.png
2023/07,2023-07-30T15:47:37,original,image/png,319.4,1080,1080,https://copyposse.com/wp-content/uploads/2023/07/8.png
2023/07,2023-07-30T15:47:52,original,image/png,319.4,1080,1080,https://copyposse.com/wp-content/uploads/2023/07/8-1.png
2023/07,2023-07-30T15:47:56,original,image/jpeg,122.9,1280,720,https://copyposse.com/wp-content/uploads/2023/07/YT-Thumbnail-Ep-173-Ad-Critique.jpg
2023/07,2023-07-30T15:48:02,original,image/png,1140.5,1080,1080,https://copyposse.com/wp-content/uploads/2023/07/9.png
2023/07,2023-07-30T15:48:08,original,image/png,1140.5,1080,1080,https://copyposse.com/wp-content/uploads/2023/07/9-1.png
2023/07,2023-07-30T15:48:24,original,image/jpeg,129.0,1080,1080,https://copyposse.com/wp-content/uploads/2023/07/2-1.jpg
2023/07,2023-07-30T15:58:51,original,image/png,1370.6,1280,720,https://copyposse.com/wp-content/uploads/2023/07/YT-Thumbnail-Ep-174-Sales-Calls-David-Neagle-Steph-Truss.png
2023/07,2023-07-30T15:59:06,original,image/png,1011.0,1280,720,https://copyposse.com/wp-content/uploads/2023/07/YT-Thumbnail-Ep-175-Marketing-Trends-2023.png
2023/07,2023-07-30T15:59:12,original,image/png,1011.0,1280,720,https://copyposse.com/wp-content/uploads/2023/07/YT-Thumbnail-Ep-175-Marketing-Trends-2023-1.png
2023/07,2023-07-30T15:59:24,original,image/png,1478.7,1280,720,https://copyposse.com/wp-content/uploads/2023/07/YT-Thumbnail-Ep-176-Reem-Interview.png
2023/07,2023-07-30T15:59:32,original,image/png,208.2,480,802,https://copyposse.com/wp-content/uploads/2023/07/ZcqaSrhzkrZ1XFpQI2T0SqugkkElvJrZ1JcbllH7khWbiEluEFU9sK_KujctU2CVm6UntqsBf-qTvtaeifjLahNF8JkvUFJv4NbNjP7SppdqnOXruexab9gpuGBvLPGZRamidjWGKfI4dy7d2wrQOdqk63VAIFfPO3_GIGRUnx5fRsB9k8lAXt3gg25EyQ.png
2023/07,2023-07-30T15:59:34,original,image/png,490.1,501,796,https://copyposse.com/wp-content/uploads/2023/07/eLV0zNNFnlUvGrHEbFQqRfxcAetilcAqN7FqexDmJJKNh2Pt69g_wNaRvwajmbgwEBrL3BN9S8N1UdCMMLfIriHEL6I1J-9e2s2e5jQi6DBX6gCRY31oHSgAZkqFNLuOVIe3C3OtwiwEHUB5f6E_r_sjKX8l1fNIb7BluK_TPAYyXo5qSCLWK7MhGbjvxA.png
2023/07,2023-07-30T15:59:37,original,image/webp,386.3,1280,720,https://copyposse.com/wp-content/uploads/2023/07/1-10.png
2023/07,2023-07-30T15:59:46,original,image/webp,609.0,1280,720,https://copyposse.com/wp-content/uploads/2023/07/YT-Thumbnail-Ep-178-Terri-Cole.png
2023/07,2023-07-30T15:59:51,original,image/png,476.2,976,691,https://copyposse.com/wp-content/uploads/2023/07/H_gN7TljBLxzrPE6OccgU4YsRXuaQ32A1E9b5_oaVEBblol6Z22KHuOKV2VVUkAy853KhSlv_h6dUV7zrEk_qusQTSMYeNBMsvM3Lo12QSTGGaVSuw1gPEoOdBh8qa3wFUZjBYL_zXS-Ys03T1RsFGo.png
2023/07,2023-07-30T15:59:57,original,image/webp,608.4,1280,720,https://copyposse.com/wp-content/uploads/2023/07/YT-Thumbnail-Ep-179-15-Ways-to-Make-Money-Online.png
2023/07,2023-07-30T16:00:09,original,image/webp,277.0,800,450,https://copyposse.com/wp-content/uploads/2023/07/1-11.png
2023/07,2023-07-30T16:00:14,original,image/webp,680.1,1280,720,https://copyposse.com/wp-content/uploads/2023/07/YT-Thumbnail-Ep-181-Amy-Portferfield.png
2023/07,2023-07-30T16:00:18,original,image/webp,20.3,640,360,https://copyposse.com/wp-content/uploads/2023/07/YT-Thumbnail-Ep-182-ChatGPT-Demo.jpg
2023/07,2023-07-30T16:00:25,original,image/webp,663.3,1280,720,https://copyposse.com/wp-content/uploads/2023/07/YT-Thumbnail-Ep-182-5-Ways-to-Boost-CLV.png
2023/07,2023-07-30T16:00:36,original,image/webp,525.6,1280,720,https://copyposse.com/wp-content/uploads/2023/07/YT-Thumbnail-Ep-184-Start-a-Youtube-Channel.png
2023/07,2023-07-30T16:00:47,original,image/png,456.3,1600,745,https://copyposse.com/wp-content/uploads/2023/07/nYmHsBDCrWjMFZ-cAvHBK4o9C2ZBVY8QAi517KY9ZRB402ertEK8k8iaqbCiHsOwMGUIPtldRaC769ZofvhVQRUOsOAieKzON5Ngr_uXtRumsITk1TZUw34Me3wnUDYPz6S9ydF6Qet5UaglQWYOqb8.png
2023/07,2023-07-30T16:00:58,original,image/png,242.3,1600,739,https://copyposse.com/wp-content/uploads/2023/07/wKfW929NS28ILUh7WnUEwb9fF64-0PQMAuaTsJC-A7YFUSMt3ONWQuBzjbUxyJlq44h0erqMczDal4hOkRzSeQYqpoHvplh9wR4T-hbOINlFemUrwRPid1AbO_RGAhrk9dvnh7Gok3RC2W1lR5f4ceE.png
2023/07,2023-07-30T16:01:00,original,image/png,279.1,1600,755,https://copyposse.com/wp-content/uploads/2023/07/dd7BKall6inFAjVyTEafFnx-JIK1Ddp8kYvVv0aBY7-R__dVXNpZDf7blLEbkGNzhh49a94su0yW0eXO25dSUiwC5KaVks-W05cnb19Mr6RJz2lX_saoWRQa3k3-CsSNXap8YvxRKv1ozRWdKMT_ETs.png
2023/07,2023-07-30T16:01:04,original,image/webp,417.7,1280,720,https://copyposse.com/wp-content/uploads/2023/07/YT-Thumbnail-Ep-185-Email-List.png
2023/07,2023-07-30T16:01:09,original,image/png,482.2,679,614,https://copyposse.com/wp-content/uploads/2023/07/uF2zyOUjtiu2cq6i_0IWSYRg22Z76rRnai2JJqiJTLQumlKf99AwB1ZE3znTuhLnlpUq9CwY-yGKME2zJpottbmKOOa1ZtSuFpxTeeuzbfDSUq3K3y1spTE-Fhy_P47KaOxjcQmrimR0wPbF0Eb5H-o.png
2023/07,2023-07-30T16:01:13,original,image/webp,938.3,1280,720,https://copyposse.com/wp-content/uploads/2023/07/Thumbnail-Ep-186-Marketing-Secrets.png
2023/07,2023-07-30T16:01:20,original,image/png,599.0,594,595,https://copyposse.com/wp-content/uploads/2023/07/1-1-3.png
2023/07,2023-07-30T16:01:22,original,image/png,709.1,594,595,https://copyposse.com/wp-content/uploads/2023/07/2-1-1.png
2023/07,2023-07-30T16:01:26,original,image/png,513.7,665,595,https://copyposse.com/wp-content/uploads/2023/07/3-8.png
2023/07,2023-07-30T16:01:29,original,image/webp,536.0,1280,720,https://copyposse.com/wp-content/uploads/2023/07/YT-Thumbnail-Ep-187-Grow-on-Instagram.png
2023/07,2023-07-30T16:01:33,original,image/png,599.0,594,595,https://copyposse.com/wp-content/uploads/2023/07/1-12.png
2023/07,2023-07-30T16:01:38,original,image/png,709.1,594,595,https://copyposse.com/wp-content/uploads/2023/07/2-3.png
2023/07,2023-07-30T16:01:51,original,image/png,345.0,940,602,https://copyposse.com/wp-content/uploads/2023/07/4-4.png
2023/07,2023-07-30T16:01:55,original,image/png,701.5,820,600,https://copyposse.com/wp-content/uploads/2023/07/3-1-1.png
2023/07,2023-07-30T16:01:59,original,image/png,141.9,938,604,https://copyposse.com/wp-content/uploads/2023/07/2-2-1.png
2023/07,2023-07-30T16:02:02,original,image/png,46.6,381,848,https://copyposse.com/wp-content/uploads/2023/07/Nov-10th-Email-1.png
2023/07,2023-07-30T16:02:05,original,image/webp,450.6,1280,720,https://copyposse.com/wp-content/uploads/2023/07/YT-Thumbnail-Ep-190-Live-Critique.png
2023/07,2023-07-30T16:02:07,original,image/png,46.6,381,848,https://copyposse.com/wp-content/uploads/2023/07/Nov-10th-Email.png
2023/07,2023-07-30T16:02:09,original,image/png,667.5,918,715,https://copyposse.com/wp-content/uploads/2023/07/1-2-2.png
2023/07,2023-07-30T16:02:16,original,image/png,708.5,2000,1454,https://copyposse.com/wp-content/uploads/2023/07/BVG-Copy-Posse-Brand-Voice-Guide.png
2023/07,2023-07-30T16:02:19,original,image/png,711.6,2000,1455,https://copyposse.com/wp-content/uploads/2023/07/BVG-Copy-Posse-Brand-Voice-Guide3.png
2023/07,2023-07-30T16:02:24,original,image/png,290.6,2000,1454,https://copyposse.com/wp-content/uploads/2023/07/BVG-Copy-Posse-Brand-Voice-Guide2.png
2023/07,2023-07-30T16:02:29,original,image/png,602.9,2000,1455,https://copyposse.com/wp-content/uploads/2023/07/BVG-Copy-Posse-Brand-Voice-Guide4.png
2023/07,2023-07-30T16:02:35,original,image/png,370.6,2000,1454,https://copyposse.com/wp-content/uploads/2023/07/BVG-Copy-Posse-Brand-Voice-Guide5.png
2023/07,2023-07-30T16:02:39,original,image/webp,551.0,1280,720,https://copyposse.com/wp-content/uploads/2023/07/YT-Thumbnail-Ep-189-Brand-Voice.png
2023/07,2023-07-30T16:02:50,original,image/png,1125.2,1350,1350,https://copyposse.com/wp-content/uploads/2023/07/6-3.png
2023/07,2023-07-30T16:03:03,original,image/webp,321.0,1080,1080,https://copyposse.com/wp-content/uploads/2023/07/image-3.png
2023/07,2023-07-30T16:03:07,original,image/webp,260.8,1080,1080,https://copyposse.com/wp-content/uploads/2023/07/image.png
2023/07,2023-07-30T16:03:11,original,image/webp,253.7,1080,1080,https://copyposse.com/wp-content/uploads/2023/07/image-4.png
2023/07,2023-07-30T16:03:16,original,image/webp,269.4,1080,1080,https://copyposse.com/wp-content/uploads/2023/07/image-1.png
2023/07,2023-07-30T16:03:20,original,image/webp,333.0,1080,1080,https://copyposse.com/wp-content/uploads/2023/07/image-2.png
2023/07,2023-07-30T16:03:23,original,image/webp,318.8,1080,1080,https://copyposse.com/wp-content/uploads/2023/07/image-5.png
2023/07,2023-07-30T16:03:25,original,image/png,926.6,1280,720,https://copyposse.com/wp-content/uploads/2023/07/1-13.png
2023/07,2023-07-30T16:03:42,original,image/webp,67.6,1280,720,https://copyposse.com/wp-content/uploads/2023/07/maxresdefault.webp
2023/07,2023-07-30T16:03:59,original,image/webp,60.1,1280,720,https://copyposse.com/wp-content/uploads/2023/07/Alex-Cattoni-Ep-192-Pros-and-cons-of-solopreneurs.jpg
2023/07,2023-07-30T16:04:07,original,image/png,168.0,942,876,https://copyposse.com/wp-content/uploads/2023/07/image-7.png
2023/07,2023-07-30T16:04:10,original,image/webp,46.1,1280,720,https://copyposse.com/wp-content/uploads/2023/07/Alex-Cattoni-EP-193-Fave-Equipment.jpg
2023/07,2023-07-30T16:04:24,original,image/png,278.5,1600,604,https://copyposse.com/wp-content/uploads/2023/07/image-9.png
2023/07,2023-07-30T16:04:31,original,image/png,391.2,1600,873,https://copyposse.com/wp-content/uploads/2023/07/image-11.png
2023/07,2023-07-30T16:04:35,original,image/png,348.7,1600,739,https://copyposse.com/wp-content/uploads/2023/07/image-10.png
2023/07,2023-07-30T16:04:39,original,image/png,155.4,600,518,https://copyposse.com/wp-content/uploads/2023/07/image-8.png
2023/07,2023-07-30T16:04:42,original,image/jpeg,525.1,1280,720,https://copyposse.com/wp-content/uploads/2023/07/Alex-Cattoni-EP-194-Stand-Out.jpg
2023/07,2023-07-30T16:04:53,original,image/png,1291.0,1600,895,https://copyposse.com/wp-content/uploads/2023/07/image-3-1.png
2023/07,2023-07-30T16:05:00,original,image/png,1370.2,1600,1028,https://copyposse.com/wp-content/uploads/2023/07/image-2-1.png
2023/07,2023-07-30T16:05:11,original,image/png,1755.8,1600,897,https://copyposse.com/wp-content/uploads/2023/07/image-4-1.png
2023/07,2023-07-30T16:05:18,original,image/png,991.7,1600,891,https://copyposse.com/wp-content/uploads/2023/07/image-1-1.png
2023/07,2023-07-30T16:05:31,original,image/jpeg,472.9,1280,720,https://copyposse.com/wp-content/uploads/2023/07/Alex-Cattoni-EP-195-How-To-Use-Chat-Bots.jpg
2023/07,2023-07-30T16:05:38,original,image/png,199.2,1600,712,https://copyposse.com/wp-content/uploads/2023/07/image-12.png
2023/07,2023-07-30T16:05:40,original,image/png,139.4,976,814,https://copyposse.com/wp-content/uploads/2023/07/image-5-1.png
2023/07,2023-07-30T16:05:53,original,image/png,201.1,1600,1129,https://copyposse.com/wp-content/uploads/2023/07/JXxL986xcc7nUDBeTmBUn8St1W1ajEihp0BH67VMpUaSJ6sBE8VMawjvUW3IRdJPkj4oRneny5-ONsESE-RmgODmc3msn6I17O284N55Iigaz7Ip2o4jQ6uYpgWIUPl8lPrGIkYXclsupJejk3zg2uM.png
2023/07,2023-07-30T16:06:01,original,image/jpeg,64.9,1125,768,https://copyposse.com/wp-content/uploads/2023/07/IMG_3759.jpg
2023/07,2023-07-30T16:06:06,original,image/jpeg,591.4,1280,720,https://copyposse.com/wp-content/uploads/2023/07/Alex-Cattoni-EP-196-Understanding-Marketing.jpg
2023/07,2023-07-30T16:06:11,original,image/png,215.0,1402,1012,https://copyposse.com/wp-content/uploads/2023/07/lqmHH9XYfsqz8ATLyRa8zkqH5sxQrJlZSvDK3WkGQaVdYJa_sK8pYNuKbL_PnfwkO0nRWMQq0zv7CwV1RKCmicNz779O2rnXge1DMdodfUyYv8tkc1NEP9Q4QeHL9dSECjo2A6GXpkDJC2L0dPN5pzg.png
2023/07,2023-07-30T16:06:14,original,image/png,514.5,1406,1022,https://copyposse.com/wp-content/uploads/2023/07/FGyAQfqcsCmTmLVHcd3gAiFgh-IlqaVzP_IWg2_MgvPsitSoTZ0JWLdHFYbA_B_cSb9D8PWZLsDHEh4-mRykeTqx4Pm0nexxXrmGAVIGMSJCrwdJNGVy94JmSlbQNLD27qN8f-BCJC7SI7zitAwV6UA.png
2023/07,2023-07-30T16:06:25,original,image/png,494.6,1406,1020,https://copyposse.com/wp-content/uploads/2023/07/vu4-N-2NWOFb0BKatOFG4qql3h7xF1rJCQEzO9L5wM8mvrqECjrW7bKe5MwQkH1ZM2aT0B7Os9xW5DK2yMquRgg73qi-vbietIO9bgv9ydM1dUfAuIH3k_FlyNlPeKGS2d-j5T5sgVkQ03WS-var9_A.png
2023/07,2023-07-30T16:06:29,original,image/png,505.2,1404,1018,https://copyposse.com/wp-content/uploads/2023/07/joiKbWDBcU4YtllwkgH7MD-MtRUOqLOr8pnSMaWV5FyNIy7Ha7Hrl3qSMUXvg92TL50Q8DWIYSlTAb0FxeVgEk39hKB5AUxIhdWrV_h8XATCuuBY0zm8z_AO17mY2ulyA_3_z85oirZfvuKN6-WCfWY.png
2023/07,2023-07-30T16:06:35,original,image/jpeg,651.5,1280,720,https://copyposse.com/wp-content/uploads/2023/07/Alex-Cattoni-EP-197-Powerful-brand-story.jpg
2023/07,2023-07-30T16:06:49,original,image/jpeg,464.3,1280,720,https://copyposse.com/wp-content/uploads/2023/07/Alex-Cattoni-EP-198-Routines-for-success.jpg
2023/07,2023-07-30T16:06:56,original,image/jpeg,44.8,640,360,https://copyposse.com/wp-content/uploads/2023/07/Untitled-design.jpg
2023/07,2023-07-30T16:07:07,original,image/png,105.4,1276,358,https://copyposse.com/wp-content/uploads/2023/07/btaw54fiO8mzh0HZWRAaaUGdoszFN_FIj_mAC3604AUPvpYv73wrdin93EaN6xw4BuKBoa4Luldcyt9DQp0t8vRSZZISmI9rPanG0b0Xy4owsybTq9PK3bqNrq2QG9uCQBP34XnYkT8TsywmuTqQMwA.png
2023/07,2023-07-30T16:07:12,original,image/jpeg,174.7,961,1600,https://copyposse.com/wp-content/uploads/2023/07/J5cEYmP6abItc9TaJ_oSM-nPJnj-VFZeRX8aOL-nCrg-wXXjjHVZmAwp8jLkCWHXt9-8D3oQHkF7w1j_z3g09fLmLNBKYa2cs-R8IM1tIJ39avyspc2x3sxbrYTxYk2rpEGKbnP9hkZtfJrZXY3CanM.jpeg
2023/07,2023-07-30T16:07:15,original,image/png,83.7,956,650,https://copyposse.com/wp-content/uploads/2023/07/n9pXPNzq3ObwoT-VXndD-JmD3g52kTLu9wjFGvg4ka-NVIVDDPFJUZ2eyl6g9W2NJkdBEuEbPIZNBvKbECCDcrLEe-3P6IM3h4BSEQuruFGxSN9U1QKnAv8upDVJAxo1mVEwZA-wSvlnb-FBMenJuRs.png
2023/07,2023-07-30T16:07:18,original,image/png,385.6,1296,1122,https://copyposse.com/wp-content/uploads/2023/07/fhGA4VtwVYR83iEMFjALjaODuSkRkv0eyjf7uqxuWEbCp-3qveiBngui0lGrDK8oVJ96ZtfYk3tRhBWUjZdP7qe2kGM8WMTSrQUzVFXsYbXK70g5oyJV-Gqj8Nl6E4zpn4ViX_iTT7wXi15RTj4fgj4.png
2023/07,2023-07-30T16:07:26,original,image/png,363.7,1600,1007,https://copyposse.com/wp-content/uploads/2023/07/EnRiEFnaLCsUbXPc8qy8sKZ7enSQv3osHR4WbYxuZ5jYlzAvTGYMLlMaeVUXFDGgBjWCUlOWp3GIkHbnnn72mt79l_fPZ_tJli9VANZzt1TXm4W0maKMTSI_oc-JD0vS0DNrQokne5QiZKLGSeOKcsM.png
2023/07,2023-07-30T16:07:36,original,image/png,98.3,1004,470,https://copyposse.com/wp-content/uploads/2023/07/iC2BRSP-hKdorUSzUcKA3xURILt2NDI7RkiNGE8ouihzpgeQSIjwHFBMhmtDUg5LDVVMuJabJll-oK31XHbgmyvBK41hrWSNO6mRLBYGVWwWKbzGkE8GAk3cXCIkmF7I9kgnN31GBZsuuBvy6HM_1W4.png
2023/07,2023-07-30T16:07:38,original,image/jpeg,167.7,1028,1600,https://copyposse.com/wp-content/uploads/2023/07/gVnlHFVnMcC8h5s-7r0H7_06DhAf5op22AHk9WDkTOxhI23UDqv5tCq2bpFAUeS8TiV2aSFazZaCR12hJjUcnCWRsP_d-No-ff4dyp7mnUnMOwVYhAzQFyVgXJBt-0pZBPZRUc2ppRIs8NexO9Yq9o.jpeg
2023/07,2023-07-30T16:07:44,original,image/jpeg,443.2,1280,720,https://copyposse.com/wp-content/uploads/2023/07/Alex-Cattoni-Ep-200-Is-Threads-Worth-The-Hype-My-Honest-Thoughts-First-Impressions-2.jpg
2023/07,2023-07-30T16:07:53,original,image/png,310.0,1600,900,https://copyposse.com/wp-content/uploads/2023/07/DmzTEJQZEnbtJC3BPQoHSalsnFYgl8e0eQl44HS1jhZxA6OsVnq0hNmJcdS3HltOUqvI0zOKpY8te8E1Ly0r7wr42flWTPg-pYb4FTfpP_mgHyr1u47fPfrqScZZt2XWViJq5w3h85QtRJKoibYYk7Y.png
2023/07,2023-07-30T16:07:59,original,image/jpeg,500.6,1280,720,https://copyposse.com/wp-content/uploads/2023/07/Alex-Cattoni-Ep-201-5-Ways-To-Become-A-Better-Copywriter-That-Have-Nothing-To-Do-With-Writing.jpg
2023/07,2023-07-30T16:08:07,original,image/png,402.5,1416,794,https://copyposse.com/wp-content/uploads/2023/07/MQCsb2d0xlwH4zEYBnIRcFOZf691BQOvqahBELqkFz6I4pc3KuWw5MebUhQN2BDFm2QhETEkkOSzA1Uc2zbhZJLgXGVjFWn4HZitIUmmzEHdhgR6MI-OTYybhfLyGg1V7JYKHnfTj7i3GEH3kOBY3Wo.png
2023/08,2023-08-02T02:42:27,original,image/jpeg,15.8,1534,62,https://copyposse.com/wp-content/uploads/2023/08/logos_home.jpg
2023/08,2023-08-02T02:45:53,original,image/jpeg,8.6,734,62,https://copyposse.com/wp-content/uploads/2023/08/logos_home_1.jpg
2023/08,2023-08-02T02:46:03,original,image/jpeg,8.5,755,62,https://copyposse.com/wp-content/uploads/2023/08/logos_home_2.jpg
2023/08,2023-08-02T02:53:24,original,image/jpeg,183.9,775,706,https://copyposse.com/wp-content/uploads/2023/08/hire_writer.jpg
2023/08,2023-08-02T02:57:32,original,image/jpeg,19.1,251,251,https://copyposse.com/wp-content/uploads/2023/08/team_chelsea.jpg
2023/08,2023-08-06T10:02:26,original,application/pdf,1059.7,,,https://copyposse.com/wp-content/uploads/2023/08/CPLP-S4-Certificate-of-Completion-Carmen-Navarro.pdf
2023/08,2023-08-10T09:28:31,original,application/pdf,5856.0,,,https://copyposse.com/wp-content/uploads/2023/08/REIGN-Justin-Blackman-Brand-Voice-Presentation.pdf
2023/08,2023-08-10T09:28:57,original,application/pdf,3114.6,,,https://copyposse.com/wp-content/uploads/2023/08/BVA-Emotion-Wheel-Justin-Blackman.pdf
2023/08,2023-08-13T01:34:58,original,image/jpeg,90.5,800,533,https://copyposse.com/wp-content/uploads/2023/08/AI-evergreen.jpg
2023/08,2023-08-22T01:05:38,original,image/png,806.4,1920,1000,https://copyposse.com/wp-content/uploads/2023/08/llwt-usp.png
2023/08,2023-08-22T01:16:32,original,image/png,75.1,858,657,https://copyposse.com/wp-content/uploads/2023/08/dVQFQLX9.png
2023/08,2023-08-22T01:18:44,original,image/jpeg,140.3,1600,833,https://copyposse.com/wp-content/uploads/2023/08/LLWT-Backgrounds.jpg
2023/08,2023-08-23T01:42:45,original,image/png,57.7,1080,1080,https://copyposse.com/wp-content/uploads/2023/08/Lindsay-Chiles.png
2023/08,2023-08-23T01:44:22,original,image/png,45.0,904,210,https://copyposse.com/wp-content/uploads/2023/08/Lindsay-Chiles-1.png
2023/08,2023-08-23T01:58:59,original,image/png,9.9,200,46,https://copyposse.com/wp-content/uploads/2023/08/Lindsay-Chiles-2.png
2023/08,2023-08-27T20:26:01,original,application/pdf,1060.1,,,https://copyposse.com/wp-content/uploads/2023/08/CPLP-S3-Certificate-of-Completion.pdf
2023/08,2023-08-27T20:26:04,original,application/pdf,1059.6,,,https://copyposse.com/wp-content/uploads/2023/08/CPLP-S4-Certificate-of-Completion-Sotoodeh-Tabrizi.pdf
2023/08,2023-08-27T20:26:07,original,application/pdf,1059.7,,,https://copyposse.com/wp-content/uploads/2023/08/CPLP-S4-Certificate-of-Completion-Eric-Alirez.pdf
2023/08,2023-08-27T20:32:09,original,application/pdf,1059.5,,,https://copyposse.com/wp-content/uploads/2023/08/CPLP-S4-Certificate-of-Completion-Hamna-Waraich.pdf
2023/08,2023-08-29T11:04:05,original,application/pdf,294.6,,,https://copyposse.com/wp-content/uploads/2023/08/Copy-Posse-A.I.-Workshop-with-Lindsay.pdf
2023/08,2023-08-30T16:45:52,original,application/pdf,981.2,,,https://copyposse.com/wp-content/uploads/2023/08/Branding-Questions-Spark-Tools-Resources.pdf
2023/08,2024-02-13T21:09:44,original,image/jpeg,617.7,1280,720,https://copyposse.com/wp-content/uploads/2023/08/Alex-Cattoni-Ep-202-Barbie-Marketing.jpg
2023/08,2024-02-13T21:16:04,original,image/jpeg,401.5,1280,720,https://copyposse.com/wp-content/uploads/2023/08/Alex-Cattoni-Ep-203-How-To-Use-A.I-2.2.jpg
2023/08,2024-02-13T21:17:13,original,image/jpeg,579.1,1280,720,https://copyposse.com/wp-content/uploads/2023/08/Alex-Cattoni-Ep-205-Prison-to-millionaire-2.jpg
2023/09,2023-09-01T10:41:09,original,application/pdf,1918.2,,,https://copyposse.com/wp-content/uploads/2023/09/8.30.23-Spark-Workshop-How-To-Spruce-Up-Your-Resume-With-A.I.pdf
2023/09,2023-09-06T01:18:21,original,image/jpeg,18.6,251,251,https://copyposse.com/wp-content/uploads/2023/09/team_alexandria_photo.jpg
2023/09,2023-09-06T01:18:36,original,image/jpeg,19.7,251,251,https://copyposse.com/wp-content/uploads/2023/09/team_lindsay_photo.jpg
2023/09,2023-09-06T01:22:28,original,image/jpeg,5.7,243,46,https://copyposse.com/wp-content/uploads/2023/09/team_lindsay_name.jpg
2023/09,2023-09-06T01:22:44,original,image/jpeg,6.6,282,50,https://copyposse.com/wp-content/uploads/2023/09/team_alexandria_name.jpg
2023/09,2023-09-09T14:01:08,original,application/pdf,3488.0,,,https://copyposse.com/wp-content/uploads/2023/09/Lead-Magnet-Hot-Niche-Market-Map-2023.pdf
2023/09,2023-09-10T20:45:48,original,image/jpeg,1112.5,1493,1340,https://copyposse.com/wp-content/uploads/2023/09/3-things-power-couples-do.jpg
2023/09,2023-09-10T20:45:51,original,image/jpeg,32.5,1280,720,https://copyposse.com/wp-content/uploads/2023/09/maxresdefault-1.jpg
2023/09,2023-09-10T20:45:53,original,image/jpeg,143.6,1000,750,https://copyposse.com/wp-content/uploads/2023/09/copywriting-vs-content-writing.jpg
2023/09,2023-09-10T20:45:55,original,image/jpeg,274.6,2000,1333,https://copyposse.com/wp-content/uploads/2023/09/9E70109D-1AF3-438C-AF07-70E345E46AD5-scaled-1.jpg
2023/09,2023-09-10T20:45:59,original,image/jpeg,215.5,2000,1125,https://copyposse.com/wp-content/uploads/2023/09/A06BE861-F0C9-414A-A70E-8C55A5CE9F58-scaled-1.jpg
2023/09,2023-09-10T20:46:01,original,image/jpeg,252.3,1000,667,https://copyposse.com/wp-content/uploads/2023/09/power-dynamics-couple-relationships.jpg
2023/09,2023-09-10T20:46:04,original,image/png,785.6,1280,720,https://copyposse.com/wp-content/uploads/2023/09/Ep-1-Thumb-New.png
2023/09,2023-09-10T20:46:10,original,image/jpeg,215.2,2000,1333,https://copyposse.com/wp-content/uploads/2023/09/654AF3A5-1A1A-44A4-AE7C-E5ADD453CC89-scaled-1.jpg
2023/09,2023-09-10T20:46:13,original,image/jpeg,111.0,1280,720,https://copyposse.com/wp-content/uploads/2023/09/best-copywriting-books-for-beginners.jpg
2023/09,2023-09-10T20:46:17,original,image/jpeg,256.5,1280,720,https://copyposse.com/wp-content/uploads/2023/09/Thumbnail792.jpg
2023/09,2023-09-10T20:46:20,original,image/jpeg,84.8,1280,720,https://copyposse.com/wp-content/uploads/2023/09/how-to-write-headlines.jpg
2023/09,2023-09-10T20:46:23,original,image/jpeg,192.8,1920,1080,https://copyposse.com/wp-content/uploads/2023/09/SIcmFdNu.jpeg
2023/09,2023-09-10T20:46:27,original,image/jpeg,250.9,1920,1080,https://copyposse.com/wp-content/uploads/2023/09/Ep_06_V1.jpg
2023/09,2023-09-10T20:46:30,original,image/jpeg,184.0,1920,1080,https://copyposse.com/wp-content/uploads/2023/09/adKT-G9w.jpeg
2023/09,2023-09-10T20:46:36,original,image/jpeg,527.8,1920,1080,https://copyposse.com/wp-content/uploads/2023/09/Ep_08_Thumb-2.jpg
2023/09,2023-09-10T20:46:40,original,image/jpeg,369.6,1920,1080,https://copyposse.com/wp-content/uploads/2023/09/Ep9_Thumb.jpg
2023/09,2023-09-10T20:46:43,original,image/jpeg,587.4,1920,1080,https://copyposse.com/wp-content/uploads/2023/09/Ep_10_Thumb-copy-2.jpg
2023/09,2023-09-10T20:46:47,original,image/jpeg,407.5,1280,720,https://copyposse.com/wp-content/uploads/2023/09/Morning-Motivation.jpg
2023/09,2023-09-10T20:46:51,original,image/jpeg,437.3,1280,720,https://copyposse.com/wp-content/uploads/2023/09/Ep-13-Hiring-Writers.jpg
2023/09,2023-09-10T20:46:51,original,image/jpeg,407.5,1280,720,https://copyposse.com/wp-content/uploads/2023/09/Morning-Motivation-1.jpg
2023/09,2023-09-10T20:47:00,original,image/jpeg,502.4,1280,720,https://copyposse.com/wp-content/uploads/2023/09/Ep14-Thumb-A.jpg
2023/09,2023-09-10T20:47:01,original,image/jpeg,502.4,1280,720,https://copyposse.com/wp-content/uploads/2023/09/Ep14-Thumb-A-1.jpg
2023/09,2023-09-10T20:47:08,original,image/jpeg,501.8,1280,720,https://copyposse.com/wp-content/uploads/2023/09/Copy-of-Copy-of-Copy-of-Morning-Motivation.jpg
2023/09,2023-09-10T20:47:10,original,image/jpeg,501.8,1280,720,https://copyposse.com/wp-content/uploads/2023/09/Copy-of-Copy-of-Copy-of-Morning-Motivation-1.jpg
2023/09,2023-09-10T20:47:15,original,image/jpeg,436.5,1280,720,https://copyposse.com/wp-content/uploads/2023/09/Ep-16-Webinar-Outline-1.jpg
2023/09,2023-09-10T20:47:17,original,image/jpeg,436.5,1280,720,https://copyposse.com/wp-content/uploads/2023/09/Ep-16-Webinar-Outline-1-1.jpg
2023/09,2023-09-10T20:47:23,original,image/jpeg,436.5,1280,720,https://copyposse.com/wp-content/uploads/2023/09/Ep-16-Webinar-Outline.jpg
2023/09,2023-09-10T20:47:27,original,image/jpeg,436.5,1280,720,https://copyposse.com/wp-content/uploads/2023/09/Ep-16-Webinar-Outline-2.jpg
2023/09,2023-09-10T20:47:33,original,image/jpeg,456.9,1280,720,https://copyposse.com/wp-content/uploads/2023/09/Ep-17-Thumb.jpg
2023/09,2023-09-10T20:47:36,original,image/jpeg,456.9,1280,720,https://copyposse.com/wp-content/uploads/2023/09/Ep-17-Thumb-1.jpg
2023/09,2023-09-10T20:47:45,original,image/jpeg,358.2,1280,720,https://copyposse.com/wp-content/uploads/2023/09/Ep-18.jpg
2023/09,2023-09-10T20:47:50,original,image/png,936.0,1280,720,https://copyposse.com/wp-content/uploads/2023/09/Ep-19-Thumb.png
2023/09,2023-09-10T20:59:25,original,image/png,59.4,1173,695,https://copyposse.com/wp-content/uploads/2023/09/Crm2u0kG-o1l7tFn0s_ueGRMnZ4i9535uDPmbwD6-hQanVLFQp0f59rCtxNEG5KmFlgSaRV7imdlIP3l-aRT1r238O8_rhjuVps7mDUp0C-_QrPsygQy0ThIBQ-BMEJxJ2M745WEGJSe7A6W6DfR3BE.png
2023/09,2023-09-10T20:59:27,original,image/jpeg,724.8,1280,720,https://copyposse.com/wp-content/uploads/2023/09/Alex-Cattoni-Ep-202-Barbie-Marketing.jpg
2023/09,2023-09-10T20:59:30,original,image/jpeg,724.8,1280,720,https://copyposse.com/wp-content/uploads/2023/09/Alex-Cattoni-Ep-202-Barbie-Marketing-1.jpg
2023/09,2023-09-10T20:59:40,original,image/jpeg,31.2,800,450,https://copyposse.com/wp-content/uploads/2023/09/Untitled-design.jpg
2023/09,2023-09-10T20:59:42,original,image/jpeg,31.2,800,450,https://copyposse.com/wp-content/uploads/2023/09/Untitled-design-1.jpg
2023/09,2023-09-10T20:59:48,original,image/jpeg,467.1,1280,720,https://copyposse.com/wp-content/uploads/2023/09/Alex-Cattoni-Ep-204-How-To-Increase-Your-Rates-As-A-Copywriter.jpg
2023/09,2023-09-10T20:59:51,original,image/jpeg,467.1,1280,720,https://copyposse.com/wp-content/uploads/2023/09/Alex-Cattoni-Ep-204-How-To-Increase-Your-Rates-As-A-Copywriter-1.jpg
2023/09,2023-09-10T20:59:54,original,image/jpeg,579.1,1280,720,https://copyposse.com/wp-content/uploads/2023/09/Alex-Cattoni-Ep-205-Prison-to-millionaire.jpg
2023/09,2023-09-10T20:59:56,original,image/jpeg,579.1,1280,720,https://copyposse.com/wp-content/uploads/2023/09/Alex-Cattoni-Ep-205-Prison-to-millionaire-1.jpg
2023/09,2023-09-10T21:00:05,original,image/png,258.4,1600,814,https://copyposse.com/wp-content/uploads/2023/09/0OFWkfI3VCDodRU8Jya1KL0qhWsgyneYbkVCjHu0UZjoHKfIyxpogIzmM7N0GteBsC7gCiKp9nD32sugIhqSOsaqcyfj_uD5UE86al4cnhXQQvDZxWQB9BfniAVpQNWydgP5MO1Fm-OHDXRaePLvB5Y.png
2023/09,2023-09-10T21:00:08,original,image/png,97.3,1248,344,https://copyposse.com/wp-content/uploads/2023/09/EjG97mghNw1xYVcoG1V6TVit62os3dqzxtp8BTaCakEfdNgEJLFf5lKiUk10qjn71rdx37_cjnxJfuoOzHgjhVmkAsGvevlNuvI9lD7ZZMao7etQWgTprr5pqAYh3QReYVpRfAuKzatChCjYA0LcgjQ.png
2023/09,2023-09-10T21:00:14,original,image/png,294.0,1600,674,https://copyposse.com/wp-content/uploads/2023/09/Xhgr7tq2sYUpxNcJUrae1UqRMMAa9XnHIkDHZ0OQnwh_N_kBjBnQyaa9Xvhy2jtRsXBTU2bB_iue07c8Lq1KQvzMC6vV2LCyOUh1_TnHIyOwJJ9dTtb0F2R5unaOxytMPYWJuM8GRSNq6_sF_WkUQyw.png
2023/09,2023-09-10T21:00:18,original,image/png,324.2,1600,921,https://copyposse.com/wp-content/uploads/2023/09/YDW5PMJO57Fmn2aOf5tCdPZIuUGIGHiNQfR1CXYvySBP4nZx9LymJL2Rm_WB419iNEiZLzRAZ6SNQWloGQ0s_yCKIgxdtkyF0u7Asr-C8sbvK2IW7R5Z4vc_zQWaguy1KD7GbeDS1TDIMazbjmZV33U.png
2023/09,2023-09-10T21:00:23,original,image/jpeg,395.2,1280,720,https://copyposse.com/wp-content/uploads/2023/09/Alex-Cattoni-Ep-206-Website-Checklist.jpg
2023/09,2023-09-10T21:00:28,original,image/jpeg,395.2,1280,720,https://copyposse.com/wp-content/uploads/2023/09/Alex-Cattoni-Ep-206-Website-Checklist-1.jpg
2023/09,2023-09-13T01:49:35,original,image/jpeg,311.6,1400,645,https://copyposse.com/wp-content/uploads/2023/09/Yellow-pattern-with-black-circles-and-bolt.jpg
2023/09,2023-09-13T02:26:58,original,image/jpeg,480.0,1280,720,https://copyposse.com/wp-content/uploads/2023/09/Alex-Cattoni-Ep-207-Close-clients-in-20-minutes.jpg
2023/09,2023-09-14T13:21:50,original,application/pdf,5971.3,,,https://copyposse.com/wp-content/uploads/2023/09/Email-List-Building-Reign-9-14-23.pdf
2023/09,2023-09-14T16:59:09,original,application/pdf,1059.5,,,https://copyposse.com/wp-content/uploads/2023/09/CPLP-S4-Certificate-of-Completion-Yancy-Devera.pdf
2023/09,2023-09-14T17:12:03,original,application/pdf,7338.8,,,https://copyposse.com/wp-content/uploads/2023/09/REIGN-COLD-FUNNEL-PRESENTATION.pdf
2023/09,2023-09-20T06:40:38,original,image/jpeg,424.4,1280,720,https://copyposse.com/wp-content/uploads/2023/09/Alex-Cattoni-Ep-208-How-To-Use-A.I.jpg
2023/09,2023-09-20T17:49:08,original,application/pdf,1429.2,,,https://copyposse.com/wp-content/uploads/2023/09/The-ULTIMATE-Template-Stack-.pdf
2023/09,2023-09-21T13:06:13,original,application/pdf,17828.6,,,https://copyposse.com/wp-content/uploads/2023/09/Sam-Saifi-REIGN-Presentation.pdf.pdf
2023/09,2023-09-26T19:47:58,original,image/jpeg,444.3,1280,720,https://copyposse.com/wp-content/uploads/2023/09/Alex-Cattoni-Ep-209-This-made-me-a-millionaire.jpg
2023/09,2023-09-26T21:11:08,original,application/pdf,445.0,,,https://copyposse.com/wp-content/uploads/2023/09/WORKSHOP-The-Big-Idea-Blueprint.pdf
2023/09,2023-09-27T14:32:43,original,application/pdf,2401.8,,,https://copyposse.com/wp-content/uploads/2023/09/September-Spark-Workshop.pdf
2023/09,2024-02-13T21:22:45,original,image/jpeg,421.8,1280,720,https://copyposse.com/wp-content/uploads/2023/09/Alex-Cattoni-Ep-206-Website-Checklist-2.jpg
2023/09,2024-02-13T21:24:39,original,image/jpeg,479.9,1280,720,https://copyposse.com/wp-content/uploads/2023/09/Alex-Cattoni-Ep-207-Close-clients-in-20-minutes-2.jpg
2023/09,2024-02-13T21:25:45,original,image/jpeg,449.8,1280,720,https://copyposse.com/wp-content/uploads/2023/09/Alex-Cattoni-Ep-208-How-To-Use-A.I.-2.jpg
2023/09,2024-02-13T21:27:12,original,image/jpeg,474.0,1280,720,https://copyposse.com/wp-content/uploads/2023/09/Alex-Cattoni-Ep-209-This-made-me-a-millionaire-2.jpg
2023/10,2023-10-01T20:56:51,original,application/pdf,1792.9,,,https://copyposse.com/wp-content/uploads/2023/10/Moon-Scripts-Renata.pdf
2023/10,2023-10-04T00:07:43,original,image/jpeg,638.9,1280,720,https://copyposse.com/wp-content/uploads/2023/10/Alex-Cattoni-Ep-210-Future-of-marketing.jpg
2023/10,2023-10-04T18:57:03,original,image/png,955.6,1280,720,https://copyposse.com/wp-content/uploads/2023/10/2.png
2023/10,2023-10-04T19:00:58,original,image/png,879.2,1280,720,https://copyposse.com/wp-content/uploads/2023/10/4.png
2023/10,2023-10-04T19:03:25,original,image/png,867.5,1280,720,https://copyposse.com/wp-content/uploads/2023/10/1.png
2023/10,2023-10-04T19:08:43,original,image/png,734.6,1280,720,https://copyposse.com/wp-content/uploads/2023/10/5.png
2023/10,2023-10-04T19:15:06,original,image/png,739.6,1280,720,https://copyposse.com/wp-content/uploads/2023/10/7.png
2023/10,2023-10-04T19:20:05,original,image/png,654.4,1280,720,https://copyposse.com/wp-content/uploads/2023/10/3.png
2023/10,2023-10-05T01:22:43,original,image/png,296.2,500,630,https://copyposse.com/wp-content/uploads/2023/10/bib_hero.png
2023/10,2023-10-06T11:36:47,original,application/pdf,2622.7,,,https://copyposse.com/wp-content/uploads/2023/10/Copy-Posse-99-Hook-Templates.pdf
2023/10,2023-10-06T13:18:30,original,application/pdf,1059.2,,,https://copyposse.com/wp-content/uploads/2023/10/CPLP-S4-Certificate-of-Completion-Carolina-Novello.pdf
2023/10,2023-10-09T02:45:37,original,image/png,8.0,438,81,https://copyposse.com/wp-content/uploads/2023/10/text_personal.png
2023/10,2023-10-09T02:48:10,original,image/png,9.7,533,116,https://copyposse.com/wp-content/uploads/2023/10/text_simple.png
2023/10,2023-10-09T02:51:37,original,image/png,10.4,359,152,https://copyposse.com/wp-content/uploads/2023/10/text_oneyear.png
2023/10,2023-10-09T02:54:51,original,image/png,19.6,952,130,https://copyposse.com/wp-content/uploads/2023/10/text_moneymaking.png
2023/10,2023-10-09T02:59:01,original,image/png,19.3,713,161,https://copyposse.com/wp-content/uploads/2023/10/text_strikehot.png
2023/10,2023-10-09T03:15:30,original,image/png,34.8,877,340,https://copyposse.com/wp-content/uploads/2023/10/storm-tools-icons.png
2023/10,2023-10-09T03:44:05,original,image/jpeg,83.3,800,450,https://copyposse.com/wp-content/uploads/2023/10/level4.jpg
2023/10,2023-10-09T03:46:53,original,image/jpeg,295.3,1400,1905,https://copyposse.com/wp-content/uploads/2023/10/bg_levels.jpg
2023/10,2023-10-09T04:06:28,original,image/png,8.9,428,120,https://copyposse.com/wp-content/uploads/2023/10/text_degree.png
2023/10,2023-10-09T14:11:40,original,application/pdf,7273.5,,,https://copyposse.com/wp-content/uploads/2023/10/Special-Bonus-IGNITE-Playbook.pdf
2023/10,2023-10-09T20:00:34,original,image/jpeg,227.6,1574,1109,https://copyposse.com/wp-content/uploads/2023/10/bg_simple.jpg
2023/10,2023-10-09T20:03:58,original,image/png,9.8,781,80,https://copyposse.com/wp-content/uploads/2023/10/text_simple2.png
2023/10,2023-10-09T20:14:25,original,image/jpeg,88.0,800,450,https://copyposse.com/wp-content/uploads/2023/10/level1.jpg
2023/10,2023-10-09T20:15:30,original,image/jpeg,88.9,800,450,https://copyposse.com/wp-content/uploads/2023/10/level2.jpg
2023/10,2023-10-09T20:17:48,original,image/jpeg,90.7,800,450,https://copyposse.com/wp-content/uploads/2023/10/level22.jpg
2023/10,2023-10-09T20:18:51,original,image/jpeg,84.3,800,450,https://copyposse.com/wp-content/uploads/2023/10/level3.jpg
2023/10,2023-10-09T20:19:46,original,image/jpeg,80.8,800,450,https://copyposse.com/wp-content/uploads/2023/10/level3_promo.jpg
2023/10,2023-10-09T20:20:48,original,image/jpeg,81.9,800,450,https://copyposse.com/wp-content/uploads/2023/10/level3_evergreen.jpg
2023/10,2023-10-09T20:21:49,original,image/jpeg,88.1,800,450,https://copyposse.com/wp-content/uploads/2023/10/level5.jpg
2023/10,2023-10-11T17:26:15,original,application/pdf,7040.5,,,https://copyposse.com/wp-content/uploads/2023/10/CPLF-Kickoff-Call-Slides-S4.pdf
2023/10,2023-10-12T11:51:53,original,application/pdf,28031.7,,,https://copyposse.com/wp-content/uploads/2023/10/Molly-Pittman-REIGN-Masterclass.pdf
2023/10,2023-10-12T15:04:16,original,application/pdf,150.3,,,https://copyposse.com/wp-content/uploads/2023/10/Program-Launch-Questionniare-Spark-Tools-Resources.pdf
2023/10,2023-10-13T05:01:32,original,image/png,429.1,1000,2000,https://copyposse.com/wp-content/uploads/2023/10/storm-system.png
2023/10,2023-10-13T05:07:41,original,image/jpeg,82.1,800,450,https://copyposse.com/wp-content/uploads/2023/10/level3_offer.jpg
2023/10,2023-10-13T05:13:20,original,image/png,1094.0,1200,652,https://copyposse.com/wp-content/uploads/2023/10/storm_graphic.png
2023/10,2023-10-16T17:07:30,original,image/jpeg,541.4,1280,720,https://copyposse.com/wp-content/uploads/2023/10/Alex-Cattoni-Ep-211-Are-you-ready-to-start-an-online-biz.jpg
2023/10,2023-10-16T17:17:16,original,image/jpeg,598.2,1280,720,https://copyposse.com/wp-content/uploads/2023/10/Alex-Cattoni-Ep-212-Launch-like-a-pro.jpg
2023/10,2023-10-16T21:25:45,original,application/pdf,1679.5,,,https://copyposse.com/wp-content/uploads/2023/10/STORM-Level-2.2-Workbook.pdf
2023/10,2023-10-16T21:25:49,original,application/pdf,1633.6,,,https://copyposse.com/wp-content/uploads/2023/10/STORM-Level-2.1-Workbook.pdf
2023/10,2023-10-16T21:25:53,original,application/pdf,1679.1,,,https://copyposse.com/wp-content/uploads/2023/10/STORM-Level-1-Workbook.pdf
2023/10,2023-10-17T13:50:23,original,application/pdf,1699.1,,,https://copyposse.com/wp-content/uploads/2023/10/STORM-Level-3.1-Workbook.pdf
2023/10,2023-10-18T00:18:18,original,image/jpeg,66.6,800,316,https://copyposse.com/wp-content/uploads/2023/10/storm-guarantee.jpg
2023/10,2023-10-18T00:25:20,original,image/png,367.1,813,1939,https://copyposse.com/wp-content/uploads/2023/10/storm-system-compressed.png
2023/10,2023-10-18T00:27:02,original,image/png,255.0,600,1431,https://copyposse.com/wp-content/uploads/2023/10/storm-system-compressed-1.png
2023/10,2023-10-18T14:24:25,original,application/pdf,133.6,,,https://copyposse.com/wp-content/uploads/2023/10/STORM-Action-Tracker.pdf
2023/10,2023-10-22T04:34:44,original,image/jpeg,156.3,1600,1200,https://copyposse.com/wp-content/uploads/2023/10/offer_storm_bg.jpg
2023/10,2023-10-22T04:36:28,original,image/png,341.4,600,909,https://copyposse.com/wp-content/uploads/2023/10/offer_storm_alex.png
2023/10,2023-10-22T04:38:26,original,image/png,21.9,600,140,https://copyposse.com/wp-content/uploads/2023/10/offer_storm_text.png
2023/10,2023-10-23T17:06:25,original,application/pdf,1904.9,,,https://copyposse.com/wp-content/uploads/2023/10/STORM-Level-4-Workbook.pdf
2023/10,2023-10-23T21:30:35,original,application/pdf,143.1,,,https://copyposse.com/wp-content/uploads/2023/10/STORM-Action-Tracker-1.pdf
2023/10,2023-10-24T00:43:33,original,image/jpeg,62.2,800,450,https://copyposse.com/wp-content/uploads/2023/10/bonus_lastcall.jpg
2023/10,2023-10-24T12:14:59,original,application/pdf,1606.2,,,https://copyposse.com/wp-content/uploads/2023/10/STORM-Level-3.2-Workbook.pdf
2023/10,2023-10-24T14:23:55,original,application/pdf,99.6,,,https://copyposse.com/wp-content/uploads/2023/10/SPARKL-TOOL-Bite-To-Onboarding-Flowchart.pdf
2023/10,2023-10-25T08:04:50,original,image/jpeg,612.1,1280,720,https://copyposse.com/wp-content/uploads/2023/10/Alex-Cattoni-Ep-213-How-to-start-a-business-in-2024-2.jpg
2023/10,2023-10-25T10:39:33,original,application/pdf,2436.9,,,https://copyposse.com/wp-content/uploads/2023/10/STORM-Level-5-Workbook.pdf
2023/10,2023-10-25T11:03:36,original,application/pdf,2166.6,,,https://copyposse.com/wp-content/uploads/2023/10/October-Spark-Workshop.pdf
2023/10,2023-10-25T14:02:24,original,application/pdf,250.3,,,https://copyposse.com/wp-content/uploads/2023/10/SPARK-TOOL-Sales-Page-Formula.pdf
2023/10,2023-10-30T02:47:00,original,image/png,23.5,624,165,https://copyposse.com/wp-content/uploads/2023/10/text_everything.png
2023/10,2023-10-30T14:49:27,original,application/pdf,1059.6,,,https://copyposse.com/wp-content/uploads/2023/10/CPLP-S3-Certificate-of-Completion.pdf
2023/10,2023-10-30T14:49:32,original,application/pdf,1059.1,,,https://copyposse.com/wp-content/uploads/2023/10/CPLP-S4-Certificate-of-Completion-Veronica-Algerstam.pdf
2023/10,2023-10-31T09:22:55,original,image/jpeg,663.3,1280,720,https://copyposse.com/wp-content/uploads/2023/10/Alex-Cattoni-Ep-214-Best-Social-Captions-1.jpg
2023/10,2024-02-13T21:29:12,original,image/jpeg,513.7,1280,720,https://copyposse.com/wp-content/uploads/2023/10/Alex-Cattoni-Ep-210-Future-of-marketing-1.jpg
2023/10,2024-02-13T21:30:23,original,image/jpeg,536.8,1280,720,https://copyposse.com/wp-content/uploads/2023/10/Alex-Cattoni-Ep-211-Are-you-ready-to-start-an-online-biz-2.jpg
2023/10,2026-03-25T11:08:22,original,image/png,957.4,1280,720,https://copyposse.com/wp-content/uploads/2023/10/mel-kale.png
2023/11,2023-11-02T02:59:11,original,image/png,285.7,500,915,https://copyposse.com/wp-content/uploads/2023/11/offer_storm_alex2.png
2023/11,2023-11-02T10:54:46,original,application/pdf,2726.2,,,https://copyposse.com/wp-content/uploads/2023/11/BTS-Session-How-To-Strategically-Audit-A-Sales-Funnel.pdf
2023/11,2023-11-02T10:58:00,original,application/pdf,1732.1,,,https://copyposse.com/wp-content/uploads/2023/11/PDF-BTS-Session-How-To-Strategically-Audit-A-Sales-Funnel.pdf
2023/11,2023-11-07T10:32:11,original,image/png,865.2,999,610,https://copyposse.com/wp-content/uploads/2023/11/lwYyWu35o1.png
2023/11,2023-11-07T10:32:38,original,image/png,885.3,1122,508,https://copyposse.com/wp-content/uploads/2023/11/SPqMXbUTTM.png
2023/11,2023-11-07T10:33:56,original,image/png,838.3,1116,657,https://copyposse.com/wp-content/uploads/2023/11/GgoG76RrDd.png
2023/11,2023-11-07T10:39:35,original,image/jpeg,458.9,1280,720,https://copyposse.com/wp-content/uploads/2023/11/Ep-215.jpg
2023/11,2023-11-07T11:47:03,original,application/pdf,289.8,,,https://copyposse.com/wp-content/uploads/2023/11/POSSE-WEEK-DAY-1-BONUS.pdf
2023/11,2023-11-13T10:51:42,original,application/pdf,569.0,,,https://copyposse.com/wp-content/uploads/2023/11/POSSE-WEEK-DAY-2-BONUS.pdf
2023/11,2023-11-13T23:15:36,original,application/pdf,109.2,,,https://copyposse.com/wp-content/uploads/2023/11/SPARK-TOOL-Outreach-Action-Tracker.pdf
2023/11,2023-11-14T19:44:09,original,image/jpeg,451.4,1280,720,https://copyposse.com/wp-content/uploads/2023/11/Alex-Cattoni-Ep-216-Paid-to-write.jpg
2023/11,2023-11-20T18:53:42,original,image/png,55.7,500,500,https://copyposse.com/wp-content/uploads/2023/11/Posse-Week-FB-Icon.png
2023/11,2023-11-22T07:24:59,original,image/jpeg,641.6,1280,720,https://copyposse.com/wp-content/uploads/2023/11/Alex-Cattoni-Ep-217-as-freelance-copywriter.jpg
2023/11,2023-11-24T01:01:54,original,application/pdf,1200.4,,,https://copyposse.com/wp-content/uploads/2023/11/POSSE-WEEK-PLAYBOOK.pdf
2023/11,2023-11-26T01:56:24,original,image/jpeg,40.7,800,257,https://copyposse.com/wp-content/uploads/2023/11/radlove_grads.jpg
2023/11,2023-11-26T01:57:35,original,image/jpeg,40.4,798,255,https://copyposse.com/wp-content/uploads/2023/11/radlove_grads-1.jpg
2023/11,2023-11-27T18:46:52,original,image/png,754.0,1572,497,https://copyposse.com/wp-content/uploads/2023/11/team_photo.png
2023/11,2023-11-29T12:50:11,original,application/pdf,361.5,,,https://copyposse.com/wp-content/uploads/2023/11/POSSE-WEEK-DAY-4-BONUS.pdf
2023/11,2024-02-13T21:31:36,original,image/jpeg,489.4,1280,720,https://copyposse.com/wp-content/uploads/2023/11/Alex-Cattoni-Ep-216-Paid-to-write-2.jpg
2023/11,2024-02-13T21:32:37,original,image/jpeg,643.6,1280,720,https://copyposse.com/wp-content/uploads/2023/11/Alex-Cattoni-Ep-217-as-freelance-copywriter-2.jpg
2023/12,2023-12-07T08:46:59,original,image/jpeg,626.2,1280,720,https://copyposse.com/wp-content/uploads/2023/12/Alex-Cattoni-Ep-218-2024-Marketing-Predictions.jpg
2023/12,2023-12-07T10:35:32,original,image/png,699.6,2000,944,https://copyposse.com/wp-content/uploads/2023/12/Screenshot-2023-11-13-at-12.31.03-PM.png
2023/12,2023-12-07T10:37:21,original,image/png,132.0,1398,422,https://copyposse.com/wp-content/uploads/2023/12/Screenshot-2023-12-05-at-9.36.01 AM.png
2023/12,2023-12-07T10:38:29,original,image/png,1664.5,1700,1248,https://copyposse.com/wp-content/uploads/2023/12/Screenshot-2023-11-14-at-11.20.42-AM.png
2023/12,2023-12-07T10:40:17,original,image/png,82.8,548,438,https://copyposse.com/wp-content/uploads/2023/12/Screen-Shot-2023-11-14-at-12.18.14-PM.png
2023/12,2023-12-07T10:41:31,original,image/png,175.5,1428,818,https://copyposse.com/wp-content/uploads/2023/12/Screen-Shot-2023-11-14-at-12.21.10-PM.png
2023/12,2023-12-07T10:53:00,original,image/png,713.5,1280,720,https://copyposse.com/wp-content/uploads/2023/12/Reign-Mentor-Feature-Thumbnails.png
2023/12,2023-12-08T05:37:39,original,application/pdf,1094.9,,,https://copyposse.com/wp-content/uploads/2023/12/CPLP-S4-Certificate-of-Completion-Jaclyn-Lignos.pdf
2023/12,2023-12-11T16:05:47,original,application/pdf,162.0,,,https://copyposse.com/wp-content/uploads/2023/12/Ease-Impact-Matrix-Ranking-Ideas.pdf
2023/12,2023-12-12T19:06:23,original,image/jpeg,493.8,1280,720,https://copyposse.com/wp-content/uploads/2023/12/Alex-Cattoni-Ep-219-Copywriting-Biz-in-2024.jpg
2023/12,2023-12-14T13:02:56,original,application/pdf,1059.4,,,https://copyposse.com/wp-content/uploads/2023/12/CPLP-S4-Certificate-of-Completion-Jaqueline-Roxo.pdf
2023/12,2023-12-14T14:59:38,original,image/png,38.2,500,500,https://copyposse.com/wp-content/uploads/2023/12/5DC.png
2023/12,2023-12-14T14:59:41,original,image/png,75.4,500,500,https://copyposse.com/wp-content/uploads/2023/12/BVG.png
2023/12,2023-12-14T14:59:44,original,image/png,296.8,500,500,https://copyposse.com/wp-content/uploads/2023/12/LF.png
2023/12,2023-12-14T14:59:47,original,image/png,493.6,500,500,https://copyposse.com/wp-content/uploads/2023/12/LP.png
2023/12,2023-12-14T14:59:51,original,image/png,92.7,500,500,https://copyposse.com/wp-content/uploads/2023/12/OTI.png
2023/12,2023-12-14T14:59:55,original,image/png,70.0,500,500,https://copyposse.com/wp-content/uploads/2023/12/REIGN.png
2023/12,2023-12-20T09:19:18,original,image/jpeg,505.2,1280,720,https://copyposse.com/wp-content/uploads/2023/12/Alex-Cattoni-Ep-220-Start-Copywriting-Biz-2024.jpg
2023/12,2023-12-26T11:27:24,original,image/jpeg,550.3,1280,720,https://copyposse.com/wp-content/uploads/2023/12/Alex-Cattoni-Ep-221-7-campaign-questions.jpg
2023/12,2023-12-27T11:12:30,original,application/pdf,772.5,,,https://copyposse.com/wp-content/uploads/2023/12/REIGN-Main-Character-Planner.pdf
2023/12,2023-12-31T16:50:05,original,image/png,20.8,656,149,https://copyposse.com/wp-content/uploads/2023/12/text_ignitebiz.png
2023/12,2024-01-03T11:57:04,original,image/png,277.6,640,360,https://copyposse.com/wp-content/uploads/2023/12/220.png
2023/12,2024-02-13T21:33:56,original,image/jpeg,649.8,1280,720,https://copyposse.com/wp-content/uploads/2023/12/Alex-Cattoni-Ep-218-2024-Marketing-Predictions-2-.jpg
2023/12,2024-02-13T21:35:46,original,image/jpeg,504.0,1280,720,https://copyposse.com/wp-content/uploads/2023/12/Alex-Cattoni-Ep-219-Copywriting-Biz-in-2024-2.jpg
